"","n","alpha","maxdepth_factor_screen","maxdepth_factor_select","MSE","Fuzzy","model"
"1",100,0.01,0.02,0.3,273.113274506662,TRUE,"Longtree"
"2",100,0.01,0.02,0.3,132.749052695558,FALSE,"Longtree"
"3",100,0.01,0.02,0.5,273.113274506662,TRUE,"Longtree"
"4",100,0.01,0.02,0.5,132.749052695558,FALSE,"Longtree"
"5",100,0.01,0.02,0.7,79.00184510353,TRUE,"Longtree"
"6",100,0.01,0.02,0.7,56.3291576059713,FALSE,"Longtree"
"7",100,0.01,0.04,0.3,273.113274506662,TRUE,"Longtree"
"8",100,0.01,0.04,0.3,132.749052695558,FALSE,"Longtree"
"9",100,0.01,0.04,0.5,79.00184510353,TRUE,"Longtree"
"10",100,0.01,0.04,0.5,56.3291576059713,FALSE,"Longtree"
"11",100,0.01,0.04,0.7,58.3542917603471,TRUE,"Longtree"
"12",100,0.01,0.04,0.7,57.3710925983802,FALSE,"Longtree"
"13",100,0.01,0.08,0.3,273.113274506662,TRUE,"Longtree"
"14",100,0.01,0.08,0.3,132.749052695558,FALSE,"Longtree"
"15",100,0.01,0.08,0.5,79.00184510353,TRUE,"Longtree"
"16",100,0.01,0.08,0.5,56.3291576059713,FALSE,"Longtree"
"17",100,0.01,0.08,0.7,58.3542917603471,TRUE,"Longtree"
"18",100,0.01,0.08,0.7,57.3710925983802,FALSE,"Longtree"
"19",100,0.01,0.2,0.3,273.113274506662,TRUE,"Longtree"
"20",100,0.01,0.2,0.3,132.749052695558,FALSE,"Longtree"
"21",100,0.01,0.2,0.5,79.00184510353,TRUE,"Longtree"
"22",100,0.01,0.2,0.5,56.3291576059713,FALSE,"Longtree"
"23",100,0.01,0.2,0.7,58.3542917603471,TRUE,"Longtree"
"24",100,0.01,0.2,0.7,57.3710925983802,FALSE,"Longtree"
"25",100,0.05,0.02,0.3,273.113274506662,TRUE,"Longtree"
"26",100,0.05,0.02,0.3,132.749052695558,FALSE,"Longtree"
"27",100,0.05,0.02,0.5,273.113274506662,TRUE,"Longtree"
"28",100,0.05,0.02,0.5,132.749052695558,FALSE,"Longtree"
"29",100,0.05,0.02,0.7,79.00184510353,TRUE,"Longtree"
"30",100,0.05,0.02,0.7,56.3291576059713,FALSE,"Longtree"
"31",100,0.05,0.04,0.3,273.113274506662,TRUE,"Longtree"
"32",100,0.05,0.04,0.3,132.749052695558,FALSE,"Longtree"
"33",100,0.05,0.04,0.5,79.00184510353,TRUE,"Longtree"
"34",100,0.05,0.04,0.5,56.3291576059713,FALSE,"Longtree"
"35",100,0.05,0.04,0.7,58.3542917603471,TRUE,"Longtree"
"36",100,0.05,0.04,0.7,57.3710925983802,FALSE,"Longtree"
"37",100,0.05,0.08,0.3,273.113274506662,TRUE,"Longtree"
"38",100,0.05,0.08,0.3,132.749052695558,FALSE,"Longtree"
"39",100,0.05,0.08,0.5,79.00184510353,TRUE,"Longtree"
"40",100,0.05,0.08,0.5,56.3291576059713,FALSE,"Longtree"
"41",100,0.05,0.08,0.7,58.3542917603471,TRUE,"Longtree"
"42",100,0.05,0.08,0.7,57.3710925983802,FALSE,"Longtree"
"43",100,0.05,0.2,0.3,273.113274506662,TRUE,"Longtree"
"44",100,0.05,0.2,0.3,132.749052695558,FALSE,"Longtree"
"45",100,0.05,0.2,0.5,79.00184510353,TRUE,"Longtree"
"46",100,0.05,0.2,0.5,56.3291576059713,FALSE,"Longtree"
"47",100,0.05,0.2,0.7,58.3542917603471,TRUE,"Longtree"
"48",100,0.05,0.2,0.7,57.3710925983802,FALSE,"Longtree"
"49",100,0.1,0.02,0.3,273.113274506662,TRUE,"Longtree"
"50",100,0.1,0.02,0.3,132.749052695558,FALSE,"Longtree"
"51",100,0.1,0.02,0.5,273.113274506662,TRUE,"Longtree"
"52",100,0.1,0.02,0.5,132.749052695558,FALSE,"Longtree"
"53",100,0.1,0.02,0.7,79.00184510353,TRUE,"Longtree"
"54",100,0.1,0.02,0.7,56.3291576059713,FALSE,"Longtree"
"55",100,0.1,0.04,0.3,273.113274506662,TRUE,"Longtree"
"56",100,0.1,0.04,0.3,132.749052695558,FALSE,"Longtree"
"57",100,0.1,0.04,0.5,79.00184510353,TRUE,"Longtree"
"58",100,0.1,0.04,0.5,56.3291576059713,FALSE,"Longtree"
"59",100,0.1,0.04,0.7,58.3542917603471,TRUE,"Longtree"
"60",100,0.1,0.04,0.7,57.3710925983802,FALSE,"Longtree"
"61",100,0.1,0.08,0.3,273.113274506662,TRUE,"Longtree"
"62",100,0.1,0.08,0.3,132.749052695558,FALSE,"Longtree"
"63",100,0.1,0.08,0.5,79.00184510353,TRUE,"Longtree"
"64",100,0.1,0.08,0.5,56.3291576059713,FALSE,"Longtree"
"65",100,0.1,0.08,0.7,58.3542917603471,TRUE,"Longtree"
"66",100,0.1,0.08,0.7,57.3710925983802,FALSE,"Longtree"
"67",100,0.1,0.2,0.3,273.113274506662,TRUE,"Longtree"
"68",100,0.1,0.2,0.3,132.749052695558,FALSE,"Longtree"
"69",100,0.1,0.2,0.5,79.00184510353,TRUE,"Longtree"
"70",100,0.1,0.2,0.5,56.3291576059713,FALSE,"Longtree"
"71",100,0.1,0.2,0.7,58.3542917603471,TRUE,"Longtree"
"72",100,0.1,0.2,0.7,57.3710925983802,FALSE,"Longtree"
"73",100,0.2,0.02,0.3,273.113274506662,TRUE,"Longtree"
"74",100,0.2,0.02,0.3,132.749052695558,FALSE,"Longtree"
"75",100,0.2,0.02,0.5,273.113274506662,TRUE,"Longtree"
"76",100,0.2,0.02,0.5,132.749052695558,FALSE,"Longtree"
"77",100,0.2,0.02,0.7,79.00184510353,TRUE,"Longtree"
"78",100,0.2,0.02,0.7,53.5958084695277,FALSE,"Longtree"
"79",100,0.2,0.04,0.3,273.113274506662,TRUE,"Longtree"
"80",100,0.2,0.04,0.3,132.749052695558,FALSE,"Longtree"
"81",100,0.2,0.04,0.5,79.00184510353,TRUE,"Longtree"
"82",100,0.2,0.04,0.5,53.5958084695277,FALSE,"Longtree"
"83",100,0.2,0.04,0.7,58.3542917603471,TRUE,"Longtree"
"84",100,0.2,0.04,0.7,57.3710925983802,FALSE,"Longtree"
"85",100,0.2,0.08,0.3,273.113274506662,TRUE,"Longtree"
"86",100,0.2,0.08,0.3,132.749052695558,FALSE,"Longtree"
"87",100,0.2,0.08,0.5,79.00184510353,TRUE,"Longtree"
"88",100,0.2,0.08,0.5,53.5958084695277,FALSE,"Longtree"
"89",100,0.2,0.08,0.7,58.3542917603471,TRUE,"Longtree"
"90",100,0.2,0.08,0.7,57.3710925983802,FALSE,"Longtree"
"91",100,0.2,0.2,0.3,273.113274506662,TRUE,"Longtree"
"92",100,0.2,0.2,0.3,132.749052695558,FALSE,"Longtree"
"93",100,0.2,0.2,0.5,79.00184510353,TRUE,"Longtree"
"94",100,0.2,0.2,0.5,53.5958084695277,FALSE,"Longtree"
"95",100,0.2,0.2,0.7,58.3542917603471,TRUE,"Longtree"
"96",100,0.2,0.2,0.7,57.3710925983802,FALSE,"Longtree"
"97",100,0.3,0.02,0.3,273.113274506662,TRUE,"Longtree"
"98",100,0.3,0.02,0.3,132.749052695558,FALSE,"Longtree"
"99",100,0.3,0.02,0.5,273.113274506662,TRUE,"Longtree"
"100",100,0.3,0.02,0.5,132.749052695558,FALSE,"Longtree"
"101",100,0.3,0.02,0.7,79.00184510353,TRUE,"Longtree"
"102",100,0.3,0.02,0.7,53.5958084695277,FALSE,"Longtree"
"103",100,0.3,0.04,0.3,79.00184510353,TRUE,"Longtree"
"104",100,0.3,0.04,0.3,53.5958084695277,FALSE,"Longtree"
"105",100,0.3,0.04,0.5,57.4757773218434,TRUE,"Longtree"
"106",100,0.3,0.04,0.5,51.2119393749491,FALSE,"Longtree"
"107",100,0.3,0.04,0.7,57.4757773218434,TRUE,"Longtree"
"108",100,0.3,0.04,0.7,58.7618890352884,FALSE,"Longtree"
"109",100,0.3,0.08,0.3,79.00184510353,TRUE,"Longtree"
"110",100,0.3,0.08,0.3,53.5958084695277,FALSE,"Longtree"
"111",100,0.3,0.08,0.5,57.4757773218434,TRUE,"Longtree"
"112",100,0.3,0.08,0.5,51.2119393749491,FALSE,"Longtree"
"113",100,0.3,0.08,0.7,57.4757773218434,TRUE,"Longtree"
"114",100,0.3,0.08,0.7,58.7618890352884,FALSE,"Longtree"
"115",100,0.3,0.2,0.3,79.00184510353,TRUE,"Longtree"
"116",100,0.3,0.2,0.3,53.5958084695277,FALSE,"Longtree"
"117",100,0.3,0.2,0.5,57.4757773218434,TRUE,"Longtree"
"118",100,0.3,0.2,0.5,51.2119393749491,FALSE,"Longtree"
"119",100,0.3,0.2,0.7,57.4757773218434,TRUE,"Longtree"
"120",100,0.3,0.2,0.7,58.7618890352884,FALSE,"Longtree"
"121",200,0.01,0.02,0.3,102.924604876978,TRUE,"Longtree"
"122",200,0.01,0.02,0.3,127.826832147095,FALSE,"Longtree"
"123",200,0.01,0.02,0.5,102.924604876978,TRUE,"Longtree"
"124",200,0.01,0.02,0.5,59.7324340238515,FALSE,"Longtree"
"125",200,0.01,0.02,0.7,81.1318254974656,TRUE,"Longtree"
"126",200,0.01,0.02,0.7,56.1034305507559,FALSE,"Longtree"
"127",200,0.01,0.04,0.3,102.924604876978,TRUE,"Longtree"
"128",200,0.01,0.04,0.3,59.7324340238515,FALSE,"Longtree"
"129",200,0.01,0.04,0.5,81.1318254974656,TRUE,"Longtree"
"130",200,0.01,0.04,0.5,56.1034305507559,FALSE,"Longtree"
"131",200,0.01,0.04,0.7,41.1748748079679,TRUE,"Longtree"
"132",200,0.01,0.04,0.7,40.8053017357469,FALSE,"Longtree"
"133",200,0.01,0.08,0.3,102.924604876978,TRUE,"Longtree"
"134",200,0.01,0.08,0.3,59.7324340238515,FALSE,"Longtree"
"135",200,0.01,0.08,0.5,81.1318254974656,TRUE,"Longtree"
"136",200,0.01,0.08,0.5,56.1034305507559,FALSE,"Longtree"
"137",200,0.01,0.08,0.7,41.1748748079679,TRUE,"Longtree"
"138",200,0.01,0.08,0.7,40.8053017357469,FALSE,"Longtree"
"139",200,0.01,0.2,0.3,102.924604876978,TRUE,"Longtree"
"140",200,0.01,0.2,0.3,59.7324340238515,FALSE,"Longtree"
"141",200,0.01,0.2,0.5,81.1318254974656,TRUE,"Longtree"
"142",200,0.01,0.2,0.5,56.1034305507559,FALSE,"Longtree"
"143",200,0.01,0.2,0.7,41.1748748079679,TRUE,"Longtree"
"144",200,0.01,0.2,0.7,40.8053017357469,FALSE,"Longtree"
"145",200,0.05,0.02,0.3,102.924604876978,TRUE,"Longtree"
"146",200,0.05,0.02,0.3,127.826832147095,FALSE,"Longtree"
"147",200,0.05,0.02,0.5,102.924604876978,TRUE,"Longtree"
"148",200,0.05,0.02,0.5,59.7324340238515,FALSE,"Longtree"
"149",200,0.05,0.02,0.7,81.1318254974656,TRUE,"Longtree"
"150",200,0.05,0.02,0.7,54.4877231134249,FALSE,"Longtree"
"151",200,0.05,0.04,0.3,102.924604876978,TRUE,"Longtree"
"152",200,0.05,0.04,0.3,56.476326169398,FALSE,"Longtree"
"153",200,0.05,0.04,0.5,81.1318254974656,TRUE,"Longtree"
"154",200,0.05,0.04,0.5,54.4877231134249,FALSE,"Longtree"
"155",200,0.05,0.04,0.7,41.1748748079679,TRUE,"Longtree"
"156",200,0.05,0.04,0.7,40.8053017357469,FALSE,"Longtree"
"157",200,0.05,0.08,0.3,102.924604876978,TRUE,"Longtree"
"158",200,0.05,0.08,0.3,56.476326169398,FALSE,"Longtree"
"159",200,0.05,0.08,0.5,81.1318254974656,TRUE,"Longtree"
"160",200,0.05,0.08,0.5,54.4877231134249,FALSE,"Longtree"
"161",200,0.05,0.08,0.7,41.1748748079679,TRUE,"Longtree"
"162",200,0.05,0.08,0.7,40.8053017357469,FALSE,"Longtree"
"163",200,0.05,0.2,0.3,102.924604876978,TRUE,"Longtree"
"164",200,0.05,0.2,0.3,56.476326169398,FALSE,"Longtree"
"165",200,0.05,0.2,0.5,81.1318254974656,TRUE,"Longtree"
"166",200,0.05,0.2,0.5,54.4877231134249,FALSE,"Longtree"
"167",200,0.05,0.2,0.7,41.1748748079679,TRUE,"Longtree"
"168",200,0.05,0.2,0.7,40.8053017357469,FALSE,"Longtree"
"169",200,0.1,0.02,0.3,102.924604876978,TRUE,"Longtree"
"170",200,0.1,0.02,0.3,127.826832147095,FALSE,"Longtree"
"171",200,0.1,0.02,0.5,102.924604876978,TRUE,"Longtree"
"172",200,0.1,0.02,0.5,59.7324340238515,FALSE,"Longtree"
"173",200,0.1,0.02,0.7,81.1318254974656,TRUE,"Longtree"
"174",200,0.1,0.02,0.7,54.4877231134249,FALSE,"Longtree"
"175",200,0.1,0.04,0.3,81.1318254974656,TRUE,"Longtree"
"176",200,0.1,0.04,0.3,54.4877231134249,FALSE,"Longtree"
"177",200,0.1,0.04,0.5,41.3529156609842,TRUE,"Longtree"
"178",200,0.1,0.04,0.5,41.3529156609842,FALSE,"Longtree"
"179",200,0.1,0.04,0.7,40.8090976507006,TRUE,"Longtree"
"180",200,0.1,0.04,0.7,40.9219748063848,FALSE,"Longtree"
"181",200,0.1,0.08,0.3,81.1318254974656,TRUE,"Longtree"
"182",200,0.1,0.08,0.3,54.4877231134249,FALSE,"Longtree"
"183",200,0.1,0.08,0.5,41.6939554358482,TRUE,"Longtree"
"184",200,0.1,0.08,0.5,41.3529156609842,FALSE,"Longtree"
"185",200,0.1,0.08,0.7,40.8090976507006,TRUE,"Longtree"
"186",200,0.1,0.08,0.7,40.9219748063848,FALSE,"Longtree"
"187",200,0.1,0.2,0.3,81.1318254974656,TRUE,"Longtree"
"188",200,0.1,0.2,0.3,54.4877231134249,FALSE,"Longtree"
"189",200,0.1,0.2,0.5,41.6939554358482,TRUE,"Longtree"
"190",200,0.1,0.2,0.5,41.3529156609842,FALSE,"Longtree"
"191",200,0.1,0.2,0.7,40.8090976507006,TRUE,"Longtree"
"192",200,0.1,0.2,0.7,40.9219748063848,FALSE,"Longtree"
"193",200,0.2,0.02,0.3,102.924604876978,TRUE,"Longtree"
"194",200,0.2,0.02,0.3,127.826832147095,FALSE,"Longtree"
"195",200,0.2,0.02,0.5,102.924604876978,TRUE,"Longtree"
"196",200,0.2,0.02,0.5,59.7324340238515,FALSE,"Longtree"
"197",200,0.2,0.02,0.7,81.1318254974656,TRUE,"Longtree"
"198",200,0.2,0.02,0.7,55.4039864523754,FALSE,"Longtree"
"199",200,0.2,0.04,0.3,81.1318254974656,TRUE,"Longtree"
"200",200,0.2,0.04,0.3,54.6508016494466,FALSE,"Longtree"
"201",200,0.2,0.04,0.5,41.2544674142427,TRUE,"Longtree"
"202",200,0.2,0.04,0.5,41.3529156609842,FALSE,"Longtree"
"203",200,0.2,0.04,0.7,41.2746775169244,TRUE,"Longtree"
"204",200,0.2,0.04,0.7,40.9219748063848,FALSE,"Longtree"
"205",200,0.2,0.08,0.3,81.1318254974656,TRUE,"Longtree"
"206",200,0.2,0.08,0.3,54.6508016494466,FALSE,"Longtree"
"207",200,0.2,0.08,0.5,41.2544674142427,TRUE,"Longtree"
"208",200,0.2,0.08,0.5,41.3529156609842,FALSE,"Longtree"
"209",200,0.2,0.08,0.7,41.2746775169244,TRUE,"Longtree"
"210",200,0.2,0.08,0.7,40.9219748063848,FALSE,"Longtree"
"211",200,0.2,0.2,0.3,81.1318254974656,TRUE,"Longtree"
"212",200,0.2,0.2,0.3,54.6508016494466,FALSE,"Longtree"
"213",200,0.2,0.2,0.5,41.2544674142427,TRUE,"Longtree"
"214",200,0.2,0.2,0.5,41.3529156609842,FALSE,"Longtree"
"215",200,0.2,0.2,0.7,41.2746775169244,TRUE,"Longtree"
"216",200,0.2,0.2,0.7,40.9219748063848,FALSE,"Longtree"
"217",200,0.3,0.02,0.3,102.924604876978,TRUE,"Longtree"
"218",200,0.3,0.02,0.3,127.826832147095,FALSE,"Longtree"
"219",200,0.3,0.02,0.5,102.924604876978,TRUE,"Longtree"
"220",200,0.3,0.02,0.5,59.7324340238515,FALSE,"Longtree"
"221",200,0.3,0.02,0.7,81.1318254974656,TRUE,"Longtree"
"222",200,0.3,0.02,0.7,54.8703376878615,FALSE,"Longtree"
"223",200,0.3,0.04,0.3,81.1318254974656,TRUE,"Longtree"
"224",200,0.3,0.04,0.3,55.2977229244145,FALSE,"Longtree"
"225",200,0.3,0.04,0.5,41.3842086229502,TRUE,"Longtree"
"226",200,0.3,0.04,0.5,41.8573709151051,FALSE,"Longtree"
"227",200,0.3,0.04,0.7,41.2746775169244,TRUE,"Longtree"
"228",200,0.3,0.04,0.7,41.7152078857412,FALSE,"Longtree"
"229",200,0.3,0.08,0.3,41.9408929895907,TRUE,"Longtree"
"230",200,0.3,0.08,0.3,55.2977229244145,FALSE,"Longtree"
"231",200,0.3,0.08,0.5,41.2746775169244,TRUE,"Longtree"
"232",200,0.3,0.08,0.5,41.8573709151051,FALSE,"Longtree"
"233",200,0.3,0.08,0.7,41.2746775169244,TRUE,"Longtree"
"234",200,0.3,0.08,0.7,41.7152078857412,FALSE,"Longtree"
"235",200,0.3,0.2,0.3,41.9408929895907,TRUE,"Longtree"
"236",200,0.3,0.2,0.3,55.2977229244145,FALSE,"Longtree"
"237",200,0.3,0.2,0.5,41.2746775169244,TRUE,"Longtree"
"238",200,0.3,0.2,0.5,41.8573709151051,FALSE,"Longtree"
"239",200,0.3,0.2,0.7,41.2746775169244,TRUE,"Longtree"
"240",200,0.3,0.2,0.7,41.7152078857412,FALSE,"Longtree"
"241",300,0.01,0.02,0.3,404.457757629842,TRUE,"Longtree"
"242",300,0.01,0.02,0.3,129.073199725351,FALSE,"Longtree"
"243",300,0.01,0.02,0.5,404.457757629842,TRUE,"Longtree"
"244",300,0.01,0.02,0.5,129.073199725351,FALSE,"Longtree"
"245",300,0.01,0.02,0.7,59.9602089930167,TRUE,"Longtree"
"246",300,0.01,0.02,0.7,37.7517804687755,FALSE,"Longtree"
"247",300,0.01,0.04,0.3,59.9602089930167,TRUE,"Longtree"
"248",300,0.01,0.04,0.3,124.801550399978,FALSE,"Longtree"
"249",300,0.01,0.04,0.5,32.3211935325792,TRUE,"Longtree"
"250",300,0.01,0.04,0.5,36.6301767603527,FALSE,"Longtree"
"251",300,0.01,0.04,0.7,32.240784652494,TRUE,"Longtree"
"252",300,0.01,0.04,0.7,31.999689259771,FALSE,"Longtree"
"253",300,0.01,0.08,0.3,59.9602089930167,TRUE,"Longtree"
"254",300,0.01,0.08,0.3,124.801550399978,FALSE,"Longtree"
"255",300,0.01,0.08,0.5,32.3211935325792,TRUE,"Longtree"
"256",300,0.01,0.08,0.5,36.6301767603527,FALSE,"Longtree"
"257",300,0.01,0.08,0.7,32.240784652494,TRUE,"Longtree"
"258",300,0.01,0.08,0.7,31.999689259771,FALSE,"Longtree"
"259",300,0.01,0.2,0.3,59.9602089930167,TRUE,"Longtree"
"260",300,0.01,0.2,0.3,124.801550399978,FALSE,"Longtree"
"261",300,0.01,0.2,0.5,32.3211935325792,TRUE,"Longtree"
"262",300,0.01,0.2,0.5,36.6301767603527,FALSE,"Longtree"
"263",300,0.01,0.2,0.7,32.240784652494,TRUE,"Longtree"
"264",300,0.01,0.2,0.7,31.999689259771,FALSE,"Longtree"
"265",300,0.05,0.02,0.3,404.457757629842,TRUE,"Longtree"
"266",300,0.05,0.02,0.3,129.073199725351,FALSE,"Longtree"
"267",300,0.05,0.02,0.5,59.9602089930167,TRUE,"Longtree"
"268",300,0.05,0.02,0.5,129.073199725351,FALSE,"Longtree"
"269",300,0.05,0.02,0.7,35.9442143255344,TRUE,"Longtree"
"270",300,0.05,0.02,0.7,35.9442143255344,FALSE,"Longtree"
"271",300,0.05,0.04,0.3,32.3211935325792,TRUE,"Longtree"
"272",300,0.05,0.04,0.3,36.7602464988304,FALSE,"Longtree"
"273",300,0.05,0.04,0.5,31.4497206212252,TRUE,"Longtree"
"274",300,0.05,0.04,0.5,31.3201519629866,FALSE,"Longtree"
"275",300,0.05,0.04,0.7,31.4497206212252,TRUE,"Longtree"
"276",300,0.05,0.04,0.7,31.3201519629866,FALSE,"Longtree"
"277",300,0.05,0.08,0.3,32.3211935325792,TRUE,"Longtree"
"278",300,0.05,0.08,0.3,36.7602464988304,FALSE,"Longtree"
"279",300,0.05,0.08,0.5,31.4497206212252,TRUE,"Longtree"
"280",300,0.05,0.08,0.5,31.3201519629866,FALSE,"Longtree"
"281",300,0.05,0.08,0.7,31.4497206212252,TRUE,"Longtree"
"282",300,0.05,0.08,0.7,31.3201519629866,FALSE,"Longtree"
"283",300,0.05,0.2,0.3,32.3211935325792,TRUE,"Longtree"
"284",300,0.05,0.2,0.3,36.7602464988304,FALSE,"Longtree"
"285",300,0.05,0.2,0.5,31.4497206212252,TRUE,"Longtree"
"286",300,0.05,0.2,0.5,31.3201519629866,FALSE,"Longtree"
"287",300,0.05,0.2,0.7,31.4497206212252,TRUE,"Longtree"
"288",300,0.05,0.2,0.7,31.3201519629866,FALSE,"Longtree"
"289",300,0.1,0.02,0.3,404.457757629842,TRUE,"Longtree"
"290",300,0.1,0.02,0.3,129.073199725351,FALSE,"Longtree"
"291",300,0.1,0.02,0.5,59.9602089930167,TRUE,"Longtree"
"292",300,0.1,0.02,0.5,129.073199725351,FALSE,"Longtree"
"293",300,0.1,0.02,0.7,35.9442143255344,TRUE,"Longtree"
"294",300,0.1,0.02,0.7,35.9442143255344,FALSE,"Longtree"
"295",300,0.1,0.04,0.3,32.3211935325792,TRUE,"Longtree"
"296",300,0.1,0.04,0.3,36.7602464988304,FALSE,"Longtree"
"297",300,0.1,0.04,0.5,31.4497206212252,TRUE,"Longtree"
"298",300,0.1,0.04,0.5,31.3201519629866,FALSE,"Longtree"
"299",300,0.1,0.04,0.7,31.4497206212252,TRUE,"Longtree"
"300",300,0.1,0.04,0.7,30.4975035484865,FALSE,"Longtree"
"301",300,0.1,0.08,0.3,32.3211935325792,TRUE,"Longtree"
"302",300,0.1,0.08,0.3,36.7602464988304,FALSE,"Longtree"
"303",300,0.1,0.08,0.5,31.4497206212252,TRUE,"Longtree"
"304",300,0.1,0.08,0.5,31.6868479877077,FALSE,"Longtree"
"305",300,0.1,0.08,0.7,31.4497206212252,TRUE,"Longtree"
"306",300,0.1,0.08,0.7,30.4975035484865,FALSE,"Longtree"
"307",300,0.1,0.2,0.3,32.3211935325792,TRUE,"Longtree"
"308",300,0.1,0.2,0.3,36.7602464988304,FALSE,"Longtree"
"309",300,0.1,0.2,0.5,31.4497206212252,TRUE,"Longtree"
"310",300,0.1,0.2,0.5,31.6868479877077,FALSE,"Longtree"
"311",300,0.1,0.2,0.7,31.4497206212252,TRUE,"Longtree"
"312",300,0.1,0.2,0.7,30.4975035484865,FALSE,"Longtree"
"313",300,0.2,0.02,0.3,404.457757629842,TRUE,"Longtree"
"314",300,0.2,0.02,0.3,129.073199725351,FALSE,"Longtree"
"315",300,0.2,0.02,0.5,59.9602089930167,TRUE,"Longtree"
"316",300,0.2,0.02,0.5,129.073199725351,FALSE,"Longtree"
"317",300,0.2,0.02,0.7,35.9442143255344,TRUE,"Longtree"
"318",300,0.2,0.02,0.7,35.9442143255344,FALSE,"Longtree"
"319",300,0.2,0.04,0.3,31.7699323614425,TRUE,"Longtree"
"320",300,0.2,0.04,0.3,35.2944637243929,FALSE,"Longtree"
"321",300,0.2,0.04,0.5,16.7342650201316,TRUE,"Longtree"
"322",300,0.2,0.04,0.5,31.142992887739,FALSE,"Longtree"
"323",300,0.2,0.04,0.7,16.7342650201316,TRUE,"Longtree"
"324",300,0.2,0.04,0.7,31.142992887739,FALSE,"Longtree"
"325",300,0.2,0.08,0.3,32.2046789738765,TRUE,"Longtree"
"326",300,0.2,0.08,0.3,35.2944637243929,FALSE,"Longtree"
"327",300,0.2,0.08,0.5,18.333540584863,TRUE,"Longtree"
"328",300,0.2,0.08,0.5,31.142992887739,FALSE,"Longtree"
"329",300,0.2,0.08,0.7,18.333540584863,TRUE,"Longtree"
"330",300,0.2,0.08,0.7,30.079545305707,FALSE,"Longtree"
"331",300,0.2,0.2,0.3,32.2046789738765,TRUE,"Longtree"
"332",300,0.2,0.2,0.3,35.2944637243929,FALSE,"Longtree"
"333",300,0.2,0.2,0.5,18.333540584863,TRUE,"Longtree"
"334",300,0.2,0.2,0.5,31.142992887739,FALSE,"Longtree"
"335",300,0.2,0.2,0.7,18.333540584863,TRUE,"Longtree"
"336",300,0.2,0.2,0.7,30.079545305707,FALSE,"Longtree"
"337",300,0.3,0.02,0.3,404.457757629842,TRUE,"Longtree"
"338",300,0.3,0.02,0.3,129.073199725351,FALSE,"Longtree"
"339",300,0.3,0.02,0.5,59.9602089930167,TRUE,"Longtree"
"340",300,0.3,0.02,0.5,129.073199725351,FALSE,"Longtree"
"341",300,0.3,0.02,0.7,35.9442143255344,TRUE,"Longtree"
"342",300,0.3,0.02,0.7,35.9442143255344,FALSE,"Longtree"
"343",300,0.3,0.04,0.3,31.7699323614425,TRUE,"Longtree"
"344",300,0.3,0.04,0.3,35.2944637243929,FALSE,"Longtree"
"345",300,0.3,0.04,0.5,16.7342650201316,TRUE,"Longtree"
"346",300,0.3,0.04,0.5,31.142992887739,FALSE,"Longtree"
"347",300,0.3,0.04,0.7,16.7342650201316,TRUE,"Longtree"
"348",300,0.3,0.04,0.7,30.3738309827691,FALSE,"Longtree"
"349",300,0.3,0.08,0.3,32.2046789738765,TRUE,"Longtree"
"350",300,0.3,0.08,0.3,31.2724143306153,FALSE,"Longtree"
"351",300,0.3,0.08,0.5,18.333540584863,TRUE,"Longtree"
"352",300,0.3,0.08,0.5,23.0250947610154,FALSE,"Longtree"
"353",300,0.3,0.08,0.7,18.333540584863,TRUE,"Longtree"
"354",300,0.3,0.08,0.7,22.7793533958034,FALSE,"Longtree"
"355",300,0.3,0.2,0.3,32.2046789738765,TRUE,"Longtree"
"356",300,0.3,0.2,0.3,31.2724143306153,FALSE,"Longtree"
"357",300,0.3,0.2,0.5,18.333540584863,TRUE,"Longtree"
"358",300,0.3,0.2,0.5,23.0250947610154,FALSE,"Longtree"
"359",300,0.3,0.2,0.7,18.333540584863,TRUE,"Longtree"
"360",300,0.3,0.2,0.7,22.7793533958034,FALSE,"Longtree"
"361",400,0.01,0.02,0.3,385.070129205753,TRUE,"Longtree"
"362",400,0.01,0.02,0.3,128.845866373379,FALSE,"Longtree"
"363",400,0.01,0.02,0.5,385.070129205753,TRUE,"Longtree"
"364",400,0.01,0.02,0.5,128.845866373379,FALSE,"Longtree"
"365",400,0.01,0.02,0.7,66.0375272893249,TRUE,"Longtree"
"366",400,0.01,0.02,0.7,38.8058976209042,FALSE,"Longtree"
"367",400,0.01,0.04,0.3,385.070129205753,TRUE,"Longtree"
"368",400,0.01,0.04,0.3,128.845866373379,FALSE,"Longtree"
"369",400,0.01,0.04,0.5,66.0375272893249,TRUE,"Longtree"
"370",400,0.01,0.04,0.5,128.845866373379,FALSE,"Longtree"
"371",400,0.01,0.04,0.7,31.2416443941323,TRUE,"Longtree"
"372",400,0.01,0.04,0.7,19.9638981462399,FALSE,"Longtree"
"373",400,0.01,0.08,0.3,385.070129205753,TRUE,"Longtree"
"374",400,0.01,0.08,0.3,128.845866373379,FALSE,"Longtree"
"375",400,0.01,0.08,0.5,66.0375272893249,TRUE,"Longtree"
"376",400,0.01,0.08,0.5,128.845866373379,FALSE,"Longtree"
"377",400,0.01,0.08,0.7,31.2416443941323,TRUE,"Longtree"
"378",400,0.01,0.08,0.7,19.9638981462399,FALSE,"Longtree"
"379",400,0.01,0.2,0.3,385.070129205753,TRUE,"Longtree"
"380",400,0.01,0.2,0.3,128.845866373379,FALSE,"Longtree"
"381",400,0.01,0.2,0.5,66.0375272893249,TRUE,"Longtree"
"382",400,0.01,0.2,0.5,128.845866373379,FALSE,"Longtree"
"383",400,0.01,0.2,0.7,31.2416443941323,TRUE,"Longtree"
"384",400,0.01,0.2,0.7,19.9638981462399,FALSE,"Longtree"
"385",400,0.05,0.02,0.3,385.070129205753,TRUE,"Longtree"
"386",400,0.05,0.02,0.3,128.845866373379,FALSE,"Longtree"
"387",400,0.05,0.02,0.5,385.070129205753,TRUE,"Longtree"
"388",400,0.05,0.02,0.5,128.845866373379,FALSE,"Longtree"
"389",400,0.05,0.02,0.7,66.0375272893249,TRUE,"Longtree"
"390",400,0.05,0.02,0.7,38.8058976209042,FALSE,"Longtree"
"391",400,0.05,0.04,0.3,66.0375272893249,TRUE,"Longtree"
"392",400,0.05,0.04,0.3,127.249273300954,FALSE,"Longtree"
"393",400,0.05,0.04,0.5,31.2416443941323,TRUE,"Longtree"
"394",400,0.05,0.04,0.5,127.249273300954,FALSE,"Longtree"
"395",400,0.05,0.04,0.7,31.2416443941323,TRUE,"Longtree"
"396",400,0.05,0.04,0.7,19.8050821233348,FALSE,"Longtree"
"397",400,0.05,0.08,0.3,66.0375272893249,TRUE,"Longtree"
"398",400,0.05,0.08,0.3,127.249273300954,FALSE,"Longtree"
"399",400,0.05,0.08,0.5,31.2416443941323,TRUE,"Longtree"
"400",400,0.05,0.08,0.5,127.249273300954,FALSE,"Longtree"
"401",400,0.05,0.08,0.7,31.2416443941323,TRUE,"Longtree"
"402",400,0.05,0.08,0.7,19.8050821233348,FALSE,"Longtree"
"403",400,0.05,0.2,0.3,66.0375272893249,TRUE,"Longtree"
"404",400,0.05,0.2,0.3,127.249273300954,FALSE,"Longtree"
"405",400,0.05,0.2,0.5,31.2416443941323,TRUE,"Longtree"
"406",400,0.05,0.2,0.5,127.249273300954,FALSE,"Longtree"
"407",400,0.05,0.2,0.7,31.2416443941323,TRUE,"Longtree"
"408",400,0.05,0.2,0.7,19.8050821233348,FALSE,"Longtree"
"409",400,0.1,0.02,0.3,385.070129205753,TRUE,"Longtree"
"410",400,0.1,0.02,0.3,128.845866373379,FALSE,"Longtree"
"411",400,0.1,0.02,0.5,385.070129205753,TRUE,"Longtree"
"412",400,0.1,0.02,0.5,128.845866373379,FALSE,"Longtree"
"413",400,0.1,0.02,0.7,66.0375272893249,TRUE,"Longtree"
"414",400,0.1,0.02,0.7,38.8058976209042,FALSE,"Longtree"
"415",400,0.1,0.04,0.3,66.0375272893249,TRUE,"Longtree"
"416",400,0.1,0.04,0.3,127.249273300954,FALSE,"Longtree"
"417",400,0.1,0.04,0.5,31.2687433034862,TRUE,"Longtree"
"418",400,0.1,0.04,0.5,19.8050821233348,FALSE,"Longtree"
"419",400,0.1,0.04,0.7,31.2687433034862,TRUE,"Longtree"
"420",400,0.1,0.04,0.7,11.8099873174371,FALSE,"Longtree"
"421",400,0.1,0.08,0.3,31.2687433034862,TRUE,"Longtree"
"422",400,0.1,0.08,0.3,19.8050821233348,FALSE,"Longtree"
"423",400,0.1,0.08,0.5,31.2687433034862,TRUE,"Longtree"
"424",400,0.1,0.08,0.5,11.8099873174371,FALSE,"Longtree"
"425",400,0.1,0.08,0.7,27.5563315833604,TRUE,"Longtree"
"426",400,0.1,0.08,0.7,12.8446121629143,FALSE,"Longtree"
"427",400,0.1,0.2,0.3,31.2687433034862,TRUE,"Longtree"
"428",400,0.1,0.2,0.3,19.8050821233348,FALSE,"Longtree"
"429",400,0.1,0.2,0.5,31.2687433034862,TRUE,"Longtree"
"430",400,0.1,0.2,0.5,11.8099873174371,FALSE,"Longtree"
"431",400,0.1,0.2,0.7,27.5563315833604,TRUE,"Longtree"
"432",400,0.1,0.2,0.7,12.8446121629143,FALSE,"Longtree"
"433",400,0.2,0.02,0.3,385.070129205753,TRUE,"Longtree"
"434",400,0.2,0.02,0.3,128.845866373379,FALSE,"Longtree"
"435",400,0.2,0.02,0.5,385.070129205753,TRUE,"Longtree"
"436",400,0.2,0.02,0.5,128.845866373379,FALSE,"Longtree"
"437",400,0.2,0.02,0.7,66.0375272893249,TRUE,"Longtree"
"438",400,0.2,0.02,0.7,38.8058976209042,FALSE,"Longtree"
"439",400,0.2,0.04,0.3,66.0375272893249,TRUE,"Longtree"
"440",400,0.2,0.04,0.3,110.954283299804,FALSE,"Longtree"
"441",400,0.2,0.04,0.5,31.1382945407919,TRUE,"Longtree"
"442",400,0.2,0.04,0.5,110.954283299804,FALSE,"Longtree"
"443",400,0.2,0.04,0.7,31.1382945407919,TRUE,"Longtree"
"444",400,0.2,0.04,0.7,19.8050821233348,FALSE,"Longtree"
"445",400,0.2,0.08,0.3,31.1382945407919,TRUE,"Longtree"
"446",400,0.2,0.08,0.3,108.929535705047,FALSE,"Longtree"
"447",400,0.2,0.08,0.5,31.1382945407919,TRUE,"Longtree"
"448",400,0.2,0.08,0.5,19.8050821233348,FALSE,"Longtree"
"449",400,0.2,0.08,0.7,11.8099873174371,TRUE,"Longtree"
"450",400,0.2,0.08,0.7,11.8099873174371,FALSE,"Longtree"
"451",400,0.2,0.2,0.3,31.1382945407919,TRUE,"Longtree"
"452",400,0.2,0.2,0.3,108.929535705047,FALSE,"Longtree"
"453",400,0.2,0.2,0.5,31.1382945407919,TRUE,"Longtree"
"454",400,0.2,0.2,0.5,19.8050821233348,FALSE,"Longtree"
"455",400,0.2,0.2,0.7,11.8099873174371,TRUE,"Longtree"
"456",400,0.2,0.2,0.7,11.8099873174371,FALSE,"Longtree"
"457",400,0.3,0.02,0.3,385.070129205753,TRUE,"Longtree"
"458",400,0.3,0.02,0.3,128.845866373379,FALSE,"Longtree"
"459",400,0.3,0.02,0.5,385.070129205753,TRUE,"Longtree"
"460",400,0.3,0.02,0.5,128.845866373379,FALSE,"Longtree"
"461",400,0.3,0.02,0.7,66.0375272893249,TRUE,"Longtree"
"462",400,0.3,0.02,0.7,38.8058976209042,FALSE,"Longtree"
"463",400,0.3,0.04,0.3,66.0375272893249,TRUE,"Longtree"
"464",400,0.3,0.04,0.3,112.113274421846,FALSE,"Longtree"
"465",400,0.3,0.04,0.5,31.3782927194893,TRUE,"Longtree"
"466",400,0.3,0.04,0.5,20.9029990614779,FALSE,"Longtree"
"467",400,0.3,0.04,0.7,12.4066604257802,TRUE,"Longtree"
"468",400,0.3,0.04,0.7,11.8099873174371,FALSE,"Longtree"
"469",400,0.3,0.08,0.3,31.6302849459157,TRUE,"Longtree"
"470",400,0.3,0.08,0.3,20.9029990614779,FALSE,"Longtree"
"471",400,0.3,0.08,0.5,31.3782927194893,TRUE,"Longtree"
"472",400,0.3,0.08,0.5,11.8099873174371,FALSE,"Longtree"
"473",400,0.3,0.08,0.7,12.4066604257802,TRUE,"Longtree"
"474",400,0.3,0.08,0.7,12.4066604257802,FALSE,"Longtree"
"475",400,0.3,0.2,0.3,31.6302849459157,TRUE,"Longtree"
"476",400,0.3,0.2,0.3,20.9029990614779,FALSE,"Longtree"
"477",400,0.3,0.2,0.5,31.3782927194893,TRUE,"Longtree"
"478",400,0.3,0.2,0.5,11.8099873174371,FALSE,"Longtree"
"479",400,0.3,0.2,0.7,12.4066604257802,TRUE,"Longtree"
"480",400,0.3,0.2,0.7,12.4066604257802,FALSE,"Longtree"
"481",500,0.01,0.02,0.3,373.769332142848,TRUE,"Longtree"
"482",500,0.01,0.02,0.3,128.622507186623,FALSE,"Longtree"
"483",500,0.01,0.02,0.5,373.769332142848,TRUE,"Longtree"
"484",500,0.01,0.02,0.5,128.622507186623,FALSE,"Longtree"
"485",500,0.01,0.02,0.7,61.6789386852001,TRUE,"Longtree"
"486",500,0.01,0.02,0.7,35.8380149749885,FALSE,"Longtree"
"487",500,0.01,0.04,0.3,61.6789386852001,TRUE,"Longtree"
"488",500,0.01,0.04,0.3,35.9217540429911,FALSE,"Longtree"
"489",500,0.01,0.04,0.5,29.6875057986641,TRUE,"Longtree"
"490",500,0.01,0.04,0.5,10.2686227631991,FALSE,"Longtree"
"491",500,0.01,0.04,0.7,30.8225918910065,TRUE,"Longtree"
"492",500,0.01,0.04,0.7,12.1371133908646,FALSE,"Longtree"
"493",500,0.01,0.08,0.3,29.322596057108,TRUE,"Longtree"
"494",500,0.01,0.08,0.3,17.3923579921483,FALSE,"Longtree"
"495",500,0.01,0.08,0.5,30.7441271645019,TRUE,"Longtree"
"496",500,0.01,0.08,0.5,12.1371133908646,FALSE,"Longtree"
"497",500,0.01,0.08,0.7,11.0325545854166,TRUE,"Longtree"
"498",500,0.01,0.08,0.7,14.2717527085928,FALSE,"Longtree"
"499",500,0.01,0.2,0.3,29.322596057108,TRUE,"Longtree"
"500",500,0.01,0.2,0.3,17.3923579921483,FALSE,"Longtree"
"501",500,0.01,0.2,0.5,30.7441271645019,TRUE,"Longtree"
"502",500,0.01,0.2,0.5,12.1371133908646,FALSE,"Longtree"
"503",500,0.01,0.2,0.7,11.0325545854166,TRUE,"Longtree"
"504",500,0.01,0.2,0.7,14.2717527085928,FALSE,"Longtree"
"505",500,0.05,0.02,0.3,373.769332142848,TRUE,"Longtree"
"506",500,0.05,0.02,0.3,128.622507186623,FALSE,"Longtree"
"507",500,0.05,0.02,0.5,373.769332142848,TRUE,"Longtree"
"508",500,0.05,0.02,0.5,128.622507186623,FALSE,"Longtree"
"509",500,0.05,0.02,0.7,61.6789386852001,TRUE,"Longtree"
"510",500,0.05,0.02,0.7,35.8380149749885,FALSE,"Longtree"
"511",500,0.05,0.04,0.3,61.6789386852001,TRUE,"Longtree"
"512",500,0.05,0.04,0.3,17.6248741437153,FALSE,"Longtree"
"513",500,0.05,0.04,0.5,29.5324449231658,TRUE,"Longtree"
"514",500,0.05,0.04,0.5,10.2686227631991,FALSE,"Longtree"
"515",500,0.05,0.04,0.7,12.1371133908646,TRUE,"Longtree"
"516",500,0.05,0.04,0.7,12.1371133908646,FALSE,"Longtree"
"517",500,0.05,0.08,0.3,29.5007461109239,TRUE,"Longtree"
"518",500,0.05,0.08,0.3,17.6248741437153,FALSE,"Longtree"
"519",500,0.05,0.08,0.5,30.7963565293711,TRUE,"Longtree"
"520",500,0.05,0.08,0.5,12.1371133908646,FALSE,"Longtree"
"521",500,0.05,0.08,0.7,12.4046469709363,TRUE,"Longtree"
"522",500,0.05,0.08,0.7,14.2717527085928,FALSE,"Longtree"
"523",500,0.05,0.2,0.3,29.5007461109239,TRUE,"Longtree"
"524",500,0.05,0.2,0.3,17.6248741437153,FALSE,"Longtree"
"525",500,0.05,0.2,0.5,30.7963565293711,TRUE,"Longtree"
"526",500,0.05,0.2,0.5,12.1371133908646,FALSE,"Longtree"
"527",500,0.05,0.2,0.7,12.4046469709363,TRUE,"Longtree"
"528",500,0.05,0.2,0.7,14.2717527085928,FALSE,"Longtree"
"529",500,0.1,0.02,0.3,373.769332142848,TRUE,"Longtree"
"530",500,0.1,0.02,0.3,128.622507186623,FALSE,"Longtree"
"531",500,0.1,0.02,0.5,373.769332142848,TRUE,"Longtree"
"532",500,0.1,0.02,0.5,128.622507186623,FALSE,"Longtree"
"533",500,0.1,0.02,0.7,61.6789386852001,TRUE,"Longtree"
"534",500,0.1,0.02,0.7,35.8380149749885,FALSE,"Longtree"
"535",500,0.1,0.04,0.3,61.6789386852001,TRUE,"Longtree"
"536",500,0.1,0.04,0.3,17.5077130755788,FALSE,"Longtree"
"537",500,0.1,0.04,0.5,29.4845974776281,TRUE,"Longtree"
"538",500,0.1,0.04,0.5,10.2686227631991,FALSE,"Longtree"
"539",500,0.1,0.04,0.7,12.1371133908646,TRUE,"Longtree"
"540",500,0.1,0.04,0.7,12.1371133908646,FALSE,"Longtree"
"541",500,0.1,0.08,0.3,29.5007461109239,TRUE,"Longtree"
"542",500,0.1,0.08,0.3,17.5077130755788,FALSE,"Longtree"
"543",500,0.1,0.08,0.5,30.7963565293711,TRUE,"Longtree"
"544",500,0.1,0.08,0.5,12.1371133908646,FALSE,"Longtree"
"545",500,0.1,0.08,0.7,12.4046469709363,TRUE,"Longtree"
"546",500,0.1,0.08,0.7,14.2717527085928,FALSE,"Longtree"
"547",500,0.1,0.2,0.3,29.5007461109239,TRUE,"Longtree"
"548",500,0.1,0.2,0.3,17.5077130755788,FALSE,"Longtree"
"549",500,0.1,0.2,0.5,30.7963565293711,TRUE,"Longtree"
"550",500,0.1,0.2,0.5,12.1371133908646,FALSE,"Longtree"
"551",500,0.1,0.2,0.7,12.4046469709363,TRUE,"Longtree"
"552",500,0.1,0.2,0.7,14.2717527085928,FALSE,"Longtree"
"553",500,0.2,0.02,0.3,373.769332142848,TRUE,"Longtree"
"554",500,0.2,0.02,0.3,128.622507186623,FALSE,"Longtree"
"555",500,0.2,0.02,0.5,373.769332142848,TRUE,"Longtree"
"556",500,0.2,0.02,0.5,128.622507186623,FALSE,"Longtree"
"557",500,0.2,0.02,0.7,61.6789386852001,TRUE,"Longtree"
"558",500,0.2,0.02,0.7,35.8380149749885,FALSE,"Longtree"
"559",500,0.2,0.04,0.3,61.6789386852001,TRUE,"Longtree"
"560",500,0.2,0.04,0.3,17.5077130755788,FALSE,"Longtree"
"561",500,0.2,0.04,0.5,30.4193386508595,TRUE,"Longtree"
"562",500,0.2,0.04,0.5,10.2686227631991,FALSE,"Longtree"
"563",500,0.2,0.04,0.7,12.1371133908646,TRUE,"Longtree"
"564",500,0.2,0.04,0.7,12.1371133908646,FALSE,"Longtree"
"565",500,0.2,0.08,0.3,30.4193386508595,TRUE,"Longtree"
"566",500,0.2,0.08,0.3,18.3465286802655,FALSE,"Longtree"
"567",500,0.2,0.08,0.5,12.4046469709363,TRUE,"Longtree"
"568",500,0.2,0.08,0.5,12.1371133908646,FALSE,"Longtree"
"569",500,0.2,0.08,0.7,12.4046469709363,TRUE,"Longtree"
"570",500,0.2,0.08,0.7,15.0453061842621,FALSE,"Longtree"
"571",500,0.2,0.2,0.3,30.4193386508595,TRUE,"Longtree"
"572",500,0.2,0.2,0.3,18.3465286802655,FALSE,"Longtree"
"573",500,0.2,0.2,0.5,12.4046469709363,TRUE,"Longtree"
"574",500,0.2,0.2,0.5,12.1371133908646,FALSE,"Longtree"
"575",500,0.2,0.2,0.7,12.4046469709363,TRUE,"Longtree"
"576",500,0.2,0.2,0.7,15.0453061842621,FALSE,"Longtree"
"577",500,0.3,0.02,0.3,373.769332142848,TRUE,"Longtree"
"578",500,0.3,0.02,0.3,128.622507186623,FALSE,"Longtree"
"579",500,0.3,0.02,0.5,373.769332142848,TRUE,"Longtree"
"580",500,0.3,0.02,0.5,128.622507186623,FALSE,"Longtree"
"581",500,0.3,0.02,0.7,61.6789386852001,TRUE,"Longtree"
"582",500,0.3,0.02,0.7,35.8380149749885,FALSE,"Longtree"
"583",500,0.3,0.04,0.3,29.8789814340794,TRUE,"Longtree"
"584",500,0.3,0.04,0.3,17.5077130755788,FALSE,"Longtree"
"585",500,0.3,0.04,0.5,31.463396468087,TRUE,"Longtree"
"586",500,0.3,0.04,0.5,10.9721366525578,FALSE,"Longtree"
"587",500,0.3,0.04,0.7,12.1371133908646,TRUE,"Longtree"
"588",500,0.3,0.04,0.7,13.0666707390448,FALSE,"Longtree"
"589",500,0.3,0.08,0.3,30.7963565293711,TRUE,"Longtree"
"590",500,0.3,0.08,0.3,10.9721366525578,FALSE,"Longtree"
"591",500,0.3,0.08,0.5,12.4046469709363,TRUE,"Longtree"
"592",500,0.3,0.08,0.5,14.8464668877463,FALSE,"Longtree"
"593",500,0.3,0.08,0.7,12.4046469709363,TRUE,"Longtree"
"594",500,0.3,0.08,0.7,32.9674931516058,FALSE,"Longtree"
"595",500,0.3,0.2,0.3,30.7963565293711,TRUE,"Longtree"
"596",500,0.3,0.2,0.3,10.9721366525578,FALSE,"Longtree"
"597",500,0.3,0.2,0.5,12.4046469709363,TRUE,"Longtree"
"598",500,0.3,0.2,0.5,14.8464668877463,FALSE,"Longtree"
"599",500,0.3,0.2,0.7,12.4046469709363,TRUE,"Longtree"
"600",500,0.3,0.2,0.7,32.9674931516058,FALSE,"Longtree"
"601",600,0.01,0.02,0.3,392.682128525067,TRUE,"Longtree"
"602",600,0.01,0.02,0.3,127.743120434586,FALSE,"Longtree"
"603",600,0.01,0.02,0.5,392.682128525067,TRUE,"Longtree"
"604",600,0.01,0.02,0.5,127.743120434586,FALSE,"Longtree"
"605",600,0.01,0.02,0.7,102.112418608365,TRUE,"Longtree"
"606",600,0.01,0.02,0.7,127.743120434586,FALSE,"Longtree"
"607",600,0.01,0.04,0.3,102.112418608365,TRUE,"Longtree"
"608",600,0.01,0.04,0.3,111.2341785059,FALSE,"Longtree"
"609",600,0.01,0.04,0.5,29.8232248613374,TRUE,"Longtree"
"610",600,0.01,0.04,0.5,34.5664121571923,FALSE,"Longtree"
"611",600,0.01,0.04,0.7,30.3140588792526,TRUE,"Longtree"
"612",600,0.01,0.04,0.7,7.67853622176852,FALSE,"Longtree"
"613",600,0.01,0.08,0.3,102.112418608365,TRUE,"Longtree"
"614",600,0.01,0.08,0.3,111.2341785059,FALSE,"Longtree"
"615",600,0.01,0.08,0.5,30.2019164072827,TRUE,"Longtree"
"616",600,0.01,0.08,0.5,34.5664121571923,FALSE,"Longtree"
"617",600,0.01,0.08,0.7,8.77825289829644,TRUE,"Longtree"
"618",600,0.01,0.08,0.7,8.77825289829644,FALSE,"Longtree"
"619",600,0.01,0.2,0.3,102.112418608365,TRUE,"Longtree"
"620",600,0.01,0.2,0.3,111.2341785059,FALSE,"Longtree"
"621",600,0.01,0.2,0.5,30.2019164072827,TRUE,"Longtree"
"622",600,0.01,0.2,0.5,34.5664121571923,FALSE,"Longtree"
"623",600,0.01,0.2,0.7,8.77825289829644,TRUE,"Longtree"
"624",600,0.01,0.2,0.7,8.77825289829644,FALSE,"Longtree"
"625",600,0.05,0.02,0.3,392.682128525067,TRUE,"Longtree"
"626",600,0.05,0.02,0.3,127.743120434586,FALSE,"Longtree"
"627",600,0.05,0.02,0.5,392.682128525067,TRUE,"Longtree"
"628",600,0.05,0.02,0.5,127.743120434586,FALSE,"Longtree"
"629",600,0.05,0.02,0.7,102.112418608365,TRUE,"Longtree"
"630",600,0.05,0.02,0.7,127.743120434586,FALSE,"Longtree"
"631",600,0.05,0.04,0.3,102.112418608365,TRUE,"Longtree"
"632",600,0.05,0.04,0.3,111.2341785059,FALSE,"Longtree"
"633",600,0.05,0.04,0.5,29.8232248613374,TRUE,"Longtree"
"634",600,0.05,0.04,0.5,34.5664121571923,FALSE,"Longtree"
"635",600,0.05,0.04,0.7,31.04952799708,TRUE,"Longtree"
"636",600,0.05,0.04,0.7,7.67853622176852,FALSE,"Longtree"
"637",600,0.05,0.08,0.3,102.112418608365,TRUE,"Longtree"
"638",600,0.05,0.08,0.3,34.5664121571923,FALSE,"Longtree"
"639",600,0.05,0.08,0.5,30.5663681479055,TRUE,"Longtree"
"640",600,0.05,0.08,0.5,7.67853622176852,FALSE,"Longtree"
"641",600,0.05,0.08,0.7,8.77825289829644,TRUE,"Longtree"
"642",600,0.05,0.08,0.7,8.77825289829644,FALSE,"Longtree"
"643",600,0.05,0.2,0.3,102.112418608365,TRUE,"Longtree"
"644",600,0.05,0.2,0.3,34.5664121571923,FALSE,"Longtree"
"645",600,0.05,0.2,0.5,30.5663681479055,TRUE,"Longtree"
"646",600,0.05,0.2,0.5,7.67853622176852,FALSE,"Longtree"
"647",600,0.05,0.2,0.7,8.77825289829644,TRUE,"Longtree"
"648",600,0.05,0.2,0.7,8.77825289829644,FALSE,"Longtree"
"649",600,0.1,0.02,0.3,392.682128525067,TRUE,"Longtree"
"650",600,0.1,0.02,0.3,127.743120434586,FALSE,"Longtree"
"651",600,0.1,0.02,0.5,392.682128525067,TRUE,"Longtree"
"652",600,0.1,0.02,0.5,127.743120434586,FALSE,"Longtree"
"653",600,0.1,0.02,0.7,102.112418608365,TRUE,"Longtree"
"654",600,0.1,0.02,0.7,127.743120434586,FALSE,"Longtree"
"655",600,0.1,0.04,0.3,102.112418608365,TRUE,"Longtree"
"656",600,0.1,0.04,0.3,111.2341785059,FALSE,"Longtree"
"657",600,0.1,0.04,0.5,29.9807076160149,TRUE,"Longtree"
"658",600,0.1,0.04,0.5,34.5664121571923,FALSE,"Longtree"
"659",600,0.1,0.04,0.7,31.4423091182824,TRUE,"Longtree"
"660",600,0.1,0.04,0.7,7.67853622176852,FALSE,"Longtree"
"661",600,0.1,0.08,0.3,29.9807076160149,TRUE,"Longtree"
"662",600,0.1,0.08,0.3,34.5664121571923,FALSE,"Longtree"
"663",600,0.1,0.08,0.5,31.4423091182824,TRUE,"Longtree"
"664",600,0.1,0.08,0.5,7.67853622176852,FALSE,"Longtree"
"665",600,0.1,0.08,0.7,10.3021301915088,TRUE,"Longtree"
"666",600,0.1,0.08,0.7,27.9818786485263,FALSE,"Longtree"
"667",600,0.1,0.2,0.3,29.9807076160149,TRUE,"Longtree"
"668",600,0.1,0.2,0.3,34.5664121571923,FALSE,"Longtree"
"669",600,0.1,0.2,0.5,31.4423091182824,TRUE,"Longtree"
"670",600,0.1,0.2,0.5,7.67853622176852,FALSE,"Longtree"
"671",600,0.1,0.2,0.7,10.3021301915088,TRUE,"Longtree"
"672",600,0.1,0.2,0.7,27.9818786485263,FALSE,"Longtree"
"673",600,0.2,0.02,0.3,392.682128525067,TRUE,"Longtree"
"674",600,0.2,0.02,0.3,127.743120434586,FALSE,"Longtree"
"675",600,0.2,0.02,0.5,392.682128525067,TRUE,"Longtree"
"676",600,0.2,0.02,0.5,127.743120434586,FALSE,"Longtree"
"677",600,0.2,0.02,0.7,102.112418608365,TRUE,"Longtree"
"678",600,0.2,0.02,0.7,127.743120434586,FALSE,"Longtree"
"679",600,0.2,0.04,0.3,102.112418608365,TRUE,"Longtree"
"680",600,0.2,0.04,0.3,111.2341785059,FALSE,"Longtree"
"681",600,0.2,0.04,0.5,29.0149950616118,TRUE,"Longtree"
"682",600,0.2,0.04,0.5,34.5664121571923,FALSE,"Longtree"
"683",600,0.2,0.04,0.7,32.5792890701171,TRUE,"Longtree"
"684",600,0.2,0.04,0.7,7.67853622176852,FALSE,"Longtree"
"685",600,0.2,0.08,0.3,29.42574179118,TRUE,"Longtree"
"686",600,0.2,0.08,0.3,34.5664121571923,FALSE,"Longtree"
"687",600,0.2,0.08,0.5,8.77825289829644,TRUE,"Longtree"
"688",600,0.2,0.08,0.5,8.77825289829644,FALSE,"Longtree"
"689",600,0.2,0.08,0.7,10.3021301915088,TRUE,"Longtree"
"690",600,0.2,0.08,0.7,29.1175963104812,FALSE,"Longtree"
"691",600,0.2,0.2,0.3,29.42574179118,TRUE,"Longtree"
"692",600,0.2,0.2,0.3,34.5664121571923,FALSE,"Longtree"
"693",600,0.2,0.2,0.5,8.77825289829644,TRUE,"Longtree"
"694",600,0.2,0.2,0.5,8.77825289829644,FALSE,"Longtree"
"695",600,0.2,0.2,0.7,10.3021301915088,TRUE,"Longtree"
"696",600,0.2,0.2,0.7,29.1175963104812,FALSE,"Longtree"
"697",600,0.3,0.02,0.3,392.682128525067,TRUE,"Longtree"
"698",600,0.3,0.02,0.3,127.743120434586,FALSE,"Longtree"
"699",600,0.3,0.02,0.5,392.682128525067,TRUE,"Longtree"
"700",600,0.3,0.02,0.5,127.743120434586,FALSE,"Longtree"
"701",600,0.3,0.02,0.7,102.112418608365,TRUE,"Longtree"
"702",600,0.3,0.02,0.7,127.743120434586,FALSE,"Longtree"
"703",600,0.3,0.04,0.3,102.112418608365,TRUE,"Longtree"
"704",600,0.3,0.04,0.3,111.2341785059,FALSE,"Longtree"
"705",600,0.3,0.04,0.5,29.0407149135605,TRUE,"Longtree"
"706",600,0.3,0.04,0.5,32.1507838561411,FALSE,"Longtree"
"707",600,0.3,0.04,0.7,32.686011710775,TRUE,"Longtree"
"708",600,0.3,0.04,0.7,7.67853622176852,FALSE,"Longtree"
"709",600,0.3,0.08,0.3,29.9436781394994,TRUE,"Longtree"
"710",600,0.3,0.08,0.3,7.67853622176852,FALSE,"Longtree"
"711",600,0.3,0.08,0.5,10.3021301915088,TRUE,"Longtree"
"712",600,0.3,0.08,0.5,12.9746206822645,FALSE,"Longtree"
"713",600,0.3,0.08,0.7,10.3021301915088,TRUE,"Longtree"
"714",600,0.3,0.08,0.7,14.0711466151731,FALSE,"Longtree"
"715",600,0.3,0.2,0.3,29.9436781394994,TRUE,"Longtree"
"716",600,0.3,0.2,0.3,7.67853622176852,FALSE,"Longtree"
"717",600,0.3,0.2,0.5,10.3021301915088,TRUE,"Longtree"
"718",600,0.3,0.2,0.5,12.9746206822645,FALSE,"Longtree"
"719",600,0.3,0.2,0.7,10.3021301915088,TRUE,"Longtree"
"720",600,0.3,0.2,0.7,14.0711466151731,FALSE,"Longtree"
"721",700,0.01,0.02,0.3,397.222818702817,TRUE,"Longtree"
"722",700,0.01,0.02,0.3,127.503416294509,FALSE,"Longtree"
"723",700,0.01,0.02,0.5,397.222818702817,TRUE,"Longtree"
"724",700,0.01,0.02,0.5,127.503416294509,FALSE,"Longtree"
"725",700,0.01,0.02,0.7,63.5034313160861,TRUE,"Longtree"
"726",700,0.01,0.02,0.7,38.6993297113497,FALSE,"Longtree"
"727",700,0.01,0.04,0.3,63.5034313160861,TRUE,"Longtree"
"728",700,0.01,0.04,0.3,121.920417993281,FALSE,"Longtree"
"729",700,0.01,0.04,0.5,30.2236443612585,TRUE,"Longtree"
"730",700,0.01,0.04,0.5,17.2600815710952,FALSE,"Longtree"
"731",700,0.01,0.04,0.7,30.2236443612585,TRUE,"Longtree"
"732",700,0.01,0.04,0.7,8.6775310959607,FALSE,"Longtree"
"733",700,0.01,0.08,0.3,63.5034313160861,TRUE,"Longtree"
"734",700,0.01,0.08,0.3,109.521011187705,FALSE,"Longtree"
"735",700,0.01,0.08,0.5,30.2236443612585,TRUE,"Longtree"
"736",700,0.01,0.08,0.5,17.2600815710952,FALSE,"Longtree"
"737",700,0.01,0.08,0.7,8.6775310959607,TRUE,"Longtree"
"738",700,0.01,0.08,0.7,8.6775310959607,FALSE,"Longtree"
"739",700,0.01,0.2,0.3,63.5034313160861,TRUE,"Longtree"
"740",700,0.01,0.2,0.3,109.521011187705,FALSE,"Longtree"
"741",700,0.01,0.2,0.5,30.2236443612585,TRUE,"Longtree"
"742",700,0.01,0.2,0.5,17.2600815710952,FALSE,"Longtree"
"743",700,0.01,0.2,0.7,8.6775310959607,TRUE,"Longtree"
"744",700,0.01,0.2,0.7,8.6775310959607,FALSE,"Longtree"
"745",700,0.05,0.02,0.3,397.222818702817,TRUE,"Longtree"
"746",700,0.05,0.02,0.3,127.503416294509,FALSE,"Longtree"
"747",700,0.05,0.02,0.5,397.222818702817,TRUE,"Longtree"
"748",700,0.05,0.02,0.5,127.503416294509,FALSE,"Longtree"
"749",700,0.05,0.02,0.7,63.5034313160861,TRUE,"Longtree"
"750",700,0.05,0.02,0.7,38.6993297113497,FALSE,"Longtree"
"751",700,0.05,0.04,0.3,63.5034313160861,TRUE,"Longtree"
"752",700,0.05,0.04,0.3,122.101197258037,FALSE,"Longtree"
"753",700,0.05,0.04,0.5,30.2236443612585,TRUE,"Longtree"
"754",700,0.05,0.04,0.5,17.2600815710952,FALSE,"Longtree"
"755",700,0.05,0.04,0.7,30.2236443612585,TRUE,"Longtree"
"756",700,0.05,0.04,0.7,8.6775310959607,FALSE,"Longtree"
"757",700,0.05,0.08,0.3,30.2236443612585,TRUE,"Longtree"
"758",700,0.05,0.08,0.3,17.2600815710952,FALSE,"Longtree"
"759",700,0.05,0.08,0.5,9.79438396318855,TRUE,"Longtree"
"760",700,0.05,0.08,0.5,8.6775310959607,FALSE,"Longtree"
"761",700,0.05,0.08,0.7,10.7415975601442,TRUE,"Longtree"
"762",700,0.05,0.08,0.7,13.5435494410794,FALSE,"Longtree"
"763",700,0.05,0.2,0.3,30.2236443612585,TRUE,"Longtree"
"764",700,0.05,0.2,0.3,17.2600815710952,FALSE,"Longtree"
"765",700,0.05,0.2,0.5,9.79438396318855,TRUE,"Longtree"
"766",700,0.05,0.2,0.5,8.6775310959607,FALSE,"Longtree"
"767",700,0.05,0.2,0.7,10.7415975601442,TRUE,"Longtree"
"768",700,0.05,0.2,0.7,13.5435494410794,FALSE,"Longtree"
"769",700,0.1,0.02,0.3,397.222818702817,TRUE,"Longtree"
"770",700,0.1,0.02,0.3,127.503416294509,FALSE,"Longtree"
"771",700,0.1,0.02,0.5,397.222818702817,TRUE,"Longtree"
"772",700,0.1,0.02,0.5,127.503416294509,FALSE,"Longtree"
"773",700,0.1,0.02,0.7,63.5034313160861,TRUE,"Longtree"
"774",700,0.1,0.02,0.7,38.6993297113497,FALSE,"Longtree"
"775",700,0.1,0.04,0.3,63.5034313160861,TRUE,"Longtree"
"776",700,0.1,0.04,0.3,122.101197258037,FALSE,"Longtree"
"777",700,0.1,0.04,0.5,30.2236443612585,TRUE,"Longtree"
"778",700,0.1,0.04,0.5,17.2600815710952,FALSE,"Longtree"
"779",700,0.1,0.04,0.7,30.2236443612585,TRUE,"Longtree"
"780",700,0.1,0.04,0.7,8.6775310959607,FALSE,"Longtree"
"781",700,0.1,0.08,0.3,30.2236443612585,TRUE,"Longtree"
"782",700,0.1,0.08,0.3,17.2600815710952,FALSE,"Longtree"
"783",700,0.1,0.08,0.5,10.7415975601442,TRUE,"Longtree"
"784",700,0.1,0.08,0.5,8.6775310959607,FALSE,"Longtree"
"785",700,0.1,0.08,0.7,10.7415975601442,TRUE,"Longtree"
"786",700,0.1,0.08,0.7,13.5435494410794,FALSE,"Longtree"
"787",700,0.1,0.2,0.3,30.2236443612585,TRUE,"Longtree"
"788",700,0.1,0.2,0.3,17.2600815710952,FALSE,"Longtree"
"789",700,0.1,0.2,0.5,10.7415975601442,TRUE,"Longtree"
"790",700,0.1,0.2,0.5,8.6775310959607,FALSE,"Longtree"
"791",700,0.1,0.2,0.7,10.7415975601442,TRUE,"Longtree"
"792",700,0.1,0.2,0.7,13.5435494410794,FALSE,"Longtree"
"793",700,0.2,0.02,0.3,397.222818702817,TRUE,"Longtree"
"794",700,0.2,0.02,0.3,127.503416294509,FALSE,"Longtree"
"795",700,0.2,0.02,0.5,63.5034313160861,TRUE,"Longtree"
"796",700,0.2,0.02,0.5,38.6993297113497,FALSE,"Longtree"
"797",700,0.2,0.02,0.7,38.6993297113497,TRUE,"Longtree"
"798",700,0.2,0.02,0.7,38.6993297113497,FALSE,"Longtree"
"799",700,0.2,0.04,0.3,30.0639912886336,TRUE,"Longtree"
"800",700,0.2,0.04,0.3,17.2600815710952,FALSE,"Longtree"
"801",700,0.2,0.04,0.5,30.0639912886336,TRUE,"Longtree"
"802",700,0.2,0.04,0.5,8.6775310959607,FALSE,"Longtree"
"803",700,0.2,0.04,0.7,8.6775310959607,TRUE,"Longtree"
"804",700,0.2,0.04,0.7,8.6775310959607,FALSE,"Longtree"
"805",700,0.2,0.08,0.3,30.652512772191,TRUE,"Longtree"
"806",700,0.2,0.08,0.3,8.6775310959607,FALSE,"Longtree"
"807",700,0.2,0.08,0.5,10.7415975601442,TRUE,"Longtree"
"808",700,0.2,0.08,0.5,12.0413713968096,FALSE,"Longtree"
"809",700,0.2,0.08,0.7,10.7415975601442,TRUE,"Longtree"
"810",700,0.2,0.08,0.7,12.0413713968096,FALSE,"Longtree"
"811",700,0.2,0.2,0.3,30.652512772191,TRUE,"Longtree"
"812",700,0.2,0.2,0.3,8.6775310959607,FALSE,"Longtree"
"813",700,0.2,0.2,0.5,10.7415975601442,TRUE,"Longtree"
"814",700,0.2,0.2,0.5,12.0413713968096,FALSE,"Longtree"
"815",700,0.2,0.2,0.7,10.7415975601442,TRUE,"Longtree"
"816",700,0.2,0.2,0.7,12.0413713968096,FALSE,"Longtree"
"817",700,0.3,0.02,0.3,397.222818702817,TRUE,"Longtree"
"818",700,0.3,0.02,0.3,127.503416294509,FALSE,"Longtree"
"819",700,0.3,0.02,0.5,63.5034313160861,TRUE,"Longtree"
"820",700,0.3,0.02,0.5,38.6993297113497,FALSE,"Longtree"
"821",700,0.3,0.02,0.7,38.6993297113497,TRUE,"Longtree"
"822",700,0.3,0.02,0.7,38.6993297113497,FALSE,"Longtree"
"823",700,0.3,0.04,0.3,30.0639912886336,TRUE,"Longtree"
"824",700,0.3,0.04,0.3,17.2105364169896,FALSE,"Longtree"
"825",700,0.3,0.04,0.5,8.6775310959607,TRUE,"Longtree"
"826",700,0.3,0.04,0.5,8.6775310959607,FALSE,"Longtree"
"827",700,0.3,0.04,0.7,9.6995863115481,TRUE,"Longtree"
"828",700,0.3,0.04,0.7,8.6775310959607,FALSE,"Longtree"
"829",700,0.3,0.08,0.3,30.5039001600473,TRUE,"Longtree"
"830",700,0.3,0.08,0.3,9.75716632940298,FALSE,"Longtree"
"831",700,0.3,0.08,0.5,10.056972937821,TRUE,"Longtree"
"832",700,0.3,0.08,0.5,12.0413713968096,FALSE,"Longtree"
"833",700,0.3,0.08,0.7,10.056972937821,TRUE,"Longtree"
"834",700,0.3,0.08,0.7,13.2541425704645,FALSE,"Longtree"
"835",700,0.3,0.2,0.3,30.5039001600473,TRUE,"Longtree"
"836",700,0.3,0.2,0.3,9.75716632940298,FALSE,"Longtree"
"837",700,0.3,0.2,0.5,10.056972937821,TRUE,"Longtree"
"838",700,0.3,0.2,0.5,12.0413713968096,FALSE,"Longtree"
"839",700,0.3,0.2,0.7,10.056972937821,TRUE,"Longtree"
"840",700,0.3,0.2,0.7,13.2541425704645,FALSE,"Longtree"
"841",800,0.01,0.02,0.3,385.790659104026,TRUE,"Longtree"
"842",800,0.01,0.02,0.3,129.124154932454,FALSE,"Longtree"
"843",800,0.01,0.02,0.5,385.790659104026,TRUE,"Longtree"
"844",800,0.01,0.02,0.5,129.124154932454,FALSE,"Longtree"
"845",800,0.01,0.02,0.7,64.4461831043469,TRUE,"Longtree"
"846",800,0.01,0.02,0.7,37.435383191743,FALSE,"Longtree"
"847",800,0.01,0.04,0.3,385.790659104026,TRUE,"Longtree"
"848",800,0.01,0.04,0.3,123.560493894018,FALSE,"Longtree"
"849",800,0.01,0.04,0.5,64.4461831043469,TRUE,"Longtree"
"850",800,0.01,0.04,0.5,123.560493894018,FALSE,"Longtree"
"851",800,0.01,0.04,0.7,29.3851751431236,TRUE,"Longtree"
"852",800,0.01,0.04,0.7,14.6315539581407,FALSE,"Longtree"
"853",800,0.01,0.08,0.3,64.4461831043469,TRUE,"Longtree"
"854",800,0.01,0.08,0.3,109.993764812431,FALSE,"Longtree"
"855",800,0.01,0.08,0.5,29.3851751431236,TRUE,"Longtree"
"856",800,0.01,0.08,0.5,14.6315539581407,FALSE,"Longtree"
"857",800,0.01,0.08,0.7,6.22824720852687,TRUE,"Longtree"
"858",800,0.01,0.08,0.7,6.22824720852687,FALSE,"Longtree"
"859",800,0.01,0.2,0.3,64.4461831043469,TRUE,"Longtree"
"860",800,0.01,0.2,0.3,109.993764812431,FALSE,"Longtree"
"861",800,0.01,0.2,0.5,29.3851751431236,TRUE,"Longtree"
"862",800,0.01,0.2,0.5,14.6315539581407,FALSE,"Longtree"
"863",800,0.01,0.2,0.7,6.22824720852687,TRUE,"Longtree"
"864",800,0.01,0.2,0.7,6.22824720852687,FALSE,"Longtree"
"865",800,0.05,0.02,0.3,385.790659104026,TRUE,"Longtree"
"866",800,0.05,0.02,0.3,129.124154932454,FALSE,"Longtree"
"867",800,0.05,0.02,0.5,385.790659104026,TRUE,"Longtree"
"868",800,0.05,0.02,0.5,129.124154932454,FALSE,"Longtree"
"869",800,0.05,0.02,0.7,64.4461831043469,TRUE,"Longtree"
"870",800,0.05,0.02,0.7,37.435383191743,FALSE,"Longtree"
"871",800,0.05,0.04,0.3,64.4461831043469,TRUE,"Longtree"
"872",800,0.05,0.04,0.3,109.993764812431,FALSE,"Longtree"
"873",800,0.05,0.04,0.5,29.4096896210656,TRUE,"Longtree"
"874",800,0.05,0.04,0.5,109.993764812431,FALSE,"Longtree"
"875",800,0.05,0.04,0.7,29.4096896210656,TRUE,"Longtree"
"876",800,0.05,0.04,0.7,14.7283563648201,FALSE,"Longtree"
"877",800,0.05,0.08,0.3,29.4096896210656,TRUE,"Longtree"
"878",800,0.05,0.08,0.3,14.7283563648201,FALSE,"Longtree"
"879",800,0.05,0.08,0.5,29.4096896210656,TRUE,"Longtree"
"880",800,0.05,0.08,0.5,6.22824720852687,FALSE,"Longtree"
"881",800,0.05,0.08,0.7,6.22824720852687,TRUE,"Longtree"
"882",800,0.05,0.08,0.7,7.78931458647211,FALSE,"Longtree"
"883",800,0.05,0.2,0.3,29.4096896210656,TRUE,"Longtree"
"884",800,0.05,0.2,0.3,14.7283563648201,FALSE,"Longtree"
"885",800,0.05,0.2,0.5,29.4096896210656,TRUE,"Longtree"
"886",800,0.05,0.2,0.5,6.22824720852687,FALSE,"Longtree"
"887",800,0.05,0.2,0.7,6.22824720852687,TRUE,"Longtree"
"888",800,0.05,0.2,0.7,7.78931458647211,FALSE,"Longtree"
"889",800,0.1,0.02,0.3,385.790659104026,TRUE,"Longtree"
"890",800,0.1,0.02,0.3,129.124154932454,FALSE,"Longtree"
"891",800,0.1,0.02,0.5,385.790659104026,TRUE,"Longtree"
"892",800,0.1,0.02,0.5,129.124154932454,FALSE,"Longtree"
"893",800,0.1,0.02,0.7,64.4461831043469,TRUE,"Longtree"
"894",800,0.1,0.02,0.7,37.435383191743,FALSE,"Longtree"
"895",800,0.1,0.04,0.3,64.4461831043469,TRUE,"Longtree"
"896",800,0.1,0.04,0.3,109.993764812431,FALSE,"Longtree"
"897",800,0.1,0.04,0.5,29.4096896210656,TRUE,"Longtree"
"898",800,0.1,0.04,0.5,109.993764812431,FALSE,"Longtree"
"899",800,0.1,0.04,0.7,29.4096896210656,TRUE,"Longtree"
"900",800,0.1,0.04,0.7,14.7283563648201,FALSE,"Longtree"
"901",800,0.1,0.08,0.3,29.4096896210656,TRUE,"Longtree"
"902",800,0.1,0.08,0.3,14.7283563648201,FALSE,"Longtree"
"903",800,0.1,0.08,0.5,29.4096896210656,TRUE,"Longtree"
"904",800,0.1,0.08,0.5,6.22824720852687,FALSE,"Longtree"
"905",800,0.1,0.08,0.7,6.22824720852687,TRUE,"Longtree"
"906",800,0.1,0.08,0.7,7.78931458647211,FALSE,"Longtree"
"907",800,0.1,0.2,0.3,29.4096896210656,TRUE,"Longtree"
"908",800,0.1,0.2,0.3,14.7283563648201,FALSE,"Longtree"
"909",800,0.1,0.2,0.5,29.4096896210656,TRUE,"Longtree"
"910",800,0.1,0.2,0.5,6.22824720852687,FALSE,"Longtree"
"911",800,0.1,0.2,0.7,6.22824720852687,TRUE,"Longtree"
"912",800,0.1,0.2,0.7,7.78931458647211,FALSE,"Longtree"
"913",800,0.2,0.02,0.3,385.790659104026,TRUE,"Longtree"
"914",800,0.2,0.02,0.3,129.124154932454,FALSE,"Longtree"
"915",800,0.2,0.02,0.5,385.790659104026,TRUE,"Longtree"
"916",800,0.2,0.02,0.5,129.124154932454,FALSE,"Longtree"
"917",800,0.2,0.02,0.7,64.4461831043469,TRUE,"Longtree"
"918",800,0.2,0.02,0.7,37.435383191743,FALSE,"Longtree"
"919",800,0.2,0.04,0.3,64.4461831043469,TRUE,"Longtree"
"920",800,0.2,0.04,0.3,109.993764812431,FALSE,"Longtree"
"921",800,0.2,0.04,0.5,29.4096896210656,TRUE,"Longtree"
"922",800,0.2,0.04,0.5,109.993764812431,FALSE,"Longtree"
"923",800,0.2,0.04,0.7,29.4096896210656,TRUE,"Longtree"
"924",800,0.2,0.04,0.7,15.083164769099,FALSE,"Longtree"
"925",800,0.2,0.08,0.3,29.4096896210656,TRUE,"Longtree"
"926",800,0.2,0.08,0.3,15.083164769099,FALSE,"Longtree"
"927",800,0.2,0.08,0.5,6.22824720852687,TRUE,"Longtree"
"928",800,0.2,0.08,0.5,6.22824720852687,FALSE,"Longtree"
"929",800,0.2,0.08,0.7,6.22824720852687,TRUE,"Longtree"
"930",800,0.2,0.08,0.7,9.23797701320485,FALSE,"Longtree"
"931",800,0.2,0.2,0.3,29.4096896210656,TRUE,"Longtree"
"932",800,0.2,0.2,0.3,15.083164769099,FALSE,"Longtree"
"933",800,0.2,0.2,0.5,6.22824720852687,TRUE,"Longtree"
"934",800,0.2,0.2,0.5,6.22824720852687,FALSE,"Longtree"
"935",800,0.2,0.2,0.7,6.22824720852687,TRUE,"Longtree"
"936",800,0.2,0.2,0.7,9.23797701320485,FALSE,"Longtree"
"937",800,0.3,0.02,0.3,385.790659104026,TRUE,"Longtree"
"938",800,0.3,0.02,0.3,129.124154932454,FALSE,"Longtree"
"939",800,0.3,0.02,0.5,385.790659104026,TRUE,"Longtree"
"940",800,0.3,0.02,0.5,129.124154932454,FALSE,"Longtree"
"941",800,0.3,0.02,0.7,64.4461831043469,TRUE,"Longtree"
"942",800,0.3,0.02,0.7,37.435383191743,FALSE,"Longtree"
"943",800,0.3,0.04,0.3,64.4461831043469,TRUE,"Longtree"
"944",800,0.3,0.04,0.3,109.993764812431,FALSE,"Longtree"
"945",800,0.3,0.04,0.5,29.5050578969068,TRUE,"Longtree"
"946",800,0.3,0.04,0.5,109.993764812431,FALSE,"Longtree"
"947",800,0.3,0.04,0.7,29.5050578969068,TRUE,"Longtree"
"948",800,0.3,0.04,0.7,15.083164769099,FALSE,"Longtree"
"949",800,0.3,0.08,0.3,29.5050578969068,TRUE,"Longtree"
"950",800,0.3,0.08,0.3,6.22824720852687,FALSE,"Longtree"
"951",800,0.3,0.08,0.5,6.22824720852687,TRUE,"Longtree"
"952",800,0.3,0.08,0.5,12.3301736017013,FALSE,"Longtree"
"953",800,0.3,0.08,0.7,7.49293398894023,TRUE,"Longtree"
"954",800,0.3,0.08,0.7,12.3301736017013,FALSE,"Longtree"
"955",800,0.3,0.2,0.3,29.5050578969068,TRUE,"Longtree"
"956",800,0.3,0.2,0.3,6.22824720852687,FALSE,"Longtree"
"957",800,0.3,0.2,0.5,6.22824720852687,TRUE,"Longtree"
"958",800,0.3,0.2,0.5,12.3301736017013,FALSE,"Longtree"
"959",800,0.3,0.2,0.7,7.49293398894023,TRUE,"Longtree"
"960",800,0.3,0.2,0.7,12.3301736017013,FALSE,"Longtree"
"961",900,0.01,0.02,0.3,389.300912750208,TRUE,"Longtree"
"962",900,0.01,0.02,0.3,127.439212359016,FALSE,"Longtree"
"963",900,0.01,0.02,0.5,389.300912750208,TRUE,"Longtree"
"964",900,0.01,0.02,0.5,127.439212359016,FALSE,"Longtree"
"965",900,0.01,0.02,0.7,64.6842999815306,TRUE,"Longtree"
"966",900,0.01,0.02,0.7,38.2411925244822,FALSE,"Longtree"
"967",900,0.01,0.04,0.3,64.6842999815306,TRUE,"Longtree"
"968",900,0.01,0.04,0.3,110.623017957574,FALSE,"Longtree"
"969",900,0.01,0.04,0.5,50.8106539810577,TRUE,"Longtree"
"970",900,0.01,0.04,0.5,15.3383416074031,FALSE,"Longtree"
"971",900,0.01,0.04,0.7,29.9413762043484,TRUE,"Longtree"
"972",900,0.01,0.04,0.7,7.32989872425575,FALSE,"Longtree"
"973",900,0.01,0.08,0.3,64.6842999815306,TRUE,"Longtree"
"974",900,0.01,0.08,0.3,13.6803169983416,FALSE,"Longtree"
"975",900,0.01,0.08,0.5,29.9413762043484,TRUE,"Longtree"
"976",900,0.01,0.08,0.5,7.32989872425575,FALSE,"Longtree"
"977",900,0.01,0.08,0.7,7.69120911268374,TRUE,"Longtree"
"978",900,0.01,0.08,0.7,7.15266414438957,FALSE,"Longtree"
"979",900,0.01,0.2,0.3,64.6842999815306,TRUE,"Longtree"
"980",900,0.01,0.2,0.3,13.6803169983416,FALSE,"Longtree"
"981",900,0.01,0.2,0.5,29.9413762043484,TRUE,"Longtree"
"982",900,0.01,0.2,0.5,7.32989872425575,FALSE,"Longtree"
"983",900,0.01,0.2,0.7,7.69120911268374,TRUE,"Longtree"
"984",900,0.01,0.2,0.7,7.15266414438957,FALSE,"Longtree"
"985",900,0.05,0.02,0.3,389.300912750208,TRUE,"Longtree"
"986",900,0.05,0.02,0.3,127.439212359016,FALSE,"Longtree"
"987",900,0.05,0.02,0.5,389.300912750208,TRUE,"Longtree"
"988",900,0.05,0.02,0.5,127.439212359016,FALSE,"Longtree"
"989",900,0.05,0.02,0.7,64.6842999815306,TRUE,"Longtree"
"990",900,0.05,0.02,0.7,38.2411925244822,FALSE,"Longtree"
"991",900,0.05,0.04,0.3,64.6842999815306,TRUE,"Longtree"
"992",900,0.05,0.04,0.3,110.623017957574,FALSE,"Longtree"
"993",900,0.05,0.04,0.5,50.8106539810577,TRUE,"Longtree"
"994",900,0.05,0.04,0.5,15.2673106506296,FALSE,"Longtree"
"995",900,0.05,0.04,0.7,29.8479537978645,TRUE,"Longtree"
"996",900,0.05,0.04,0.7,7.32989872425575,FALSE,"Longtree"
"997",900,0.05,0.08,0.3,29.8479537978645,TRUE,"Longtree"
"998",900,0.05,0.08,0.3,7.32989872425575,FALSE,"Longtree"
"999",900,0.05,0.08,0.5,8.45381950808341,TRUE,"Longtree"
"1000",900,0.05,0.08,0.5,9.55479435212781,FALSE,"Longtree"
"1001",900,0.05,0.08,0.7,7.61684512720079,TRUE,"Longtree"
"1002",900,0.05,0.08,0.7,10.6813716549986,FALSE,"Longtree"
"1003",900,0.05,0.2,0.3,29.8479537978645,TRUE,"Longtree"
"1004",900,0.05,0.2,0.3,7.32989872425575,FALSE,"Longtree"
"1005",900,0.05,0.2,0.5,8.45381950808341,TRUE,"Longtree"
"1006",900,0.05,0.2,0.5,9.55479435212781,FALSE,"Longtree"
"1007",900,0.05,0.2,0.7,7.61684512720079,TRUE,"Longtree"
"1008",900,0.05,0.2,0.7,10.6813716549986,FALSE,"Longtree"
"1009",900,0.1,0.02,0.3,389.300912750208,TRUE,"Longtree"
"1010",900,0.1,0.02,0.3,127.439212359016,FALSE,"Longtree"
"1011",900,0.1,0.02,0.5,389.300912750208,TRUE,"Longtree"
"1012",900,0.1,0.02,0.5,127.439212359016,FALSE,"Longtree"
"1013",900,0.1,0.02,0.7,64.6842999815306,TRUE,"Longtree"
"1014",900,0.1,0.02,0.7,38.2411925244822,FALSE,"Longtree"
"1015",900,0.1,0.04,0.3,64.6842999815306,TRUE,"Longtree"
"1016",900,0.1,0.04,0.3,110.623017957574,FALSE,"Longtree"
"1017",900,0.1,0.04,0.5,50.8106539810577,TRUE,"Longtree"
"1018",900,0.1,0.04,0.5,15.2673106506296,FALSE,"Longtree"
"1019",900,0.1,0.04,0.7,29.5521748506908,TRUE,"Longtree"
"1020",900,0.1,0.04,0.7,7.32989872425575,FALSE,"Longtree"
"1021",900,0.1,0.08,0.3,29.9322592772822,TRUE,"Longtree"
"1022",900,0.1,0.08,0.3,7.32989872425575,FALSE,"Longtree"
"1023",900,0.1,0.08,0.5,8.54578352763684,TRUE,"Longtree"
"1024",900,0.1,0.08,0.5,28.965957764146,FALSE,"Longtree"
"1025",900,0.1,0.08,0.7,8.54578352763684,TRUE,"Longtree"
"1026",900,0.1,0.08,0.7,28.965957764146,FALSE,"Longtree"
"1027",900,0.1,0.2,0.3,29.9322592772822,TRUE,"Longtree"
"1028",900,0.1,0.2,0.3,7.32989872425575,FALSE,"Longtree"
"1029",900,0.1,0.2,0.5,8.54578352763684,TRUE,"Longtree"
"1030",900,0.1,0.2,0.5,28.965957764146,FALSE,"Longtree"
"1031",900,0.1,0.2,0.7,8.54578352763684,TRUE,"Longtree"
"1032",900,0.1,0.2,0.7,28.965957764146,FALSE,"Longtree"
"1033",900,0.2,0.02,0.3,389.300912750208,TRUE,"Longtree"
"1034",900,0.2,0.02,0.3,127.439212359016,FALSE,"Longtree"
"1035",900,0.2,0.02,0.5,389.300912750208,TRUE,"Longtree"
"1036",900,0.2,0.02,0.5,127.439212359016,FALSE,"Longtree"
"1037",900,0.2,0.02,0.7,64.6842999815306,TRUE,"Longtree"
"1038",900,0.2,0.02,0.7,38.2411925244822,FALSE,"Longtree"
"1039",900,0.2,0.04,0.3,64.6842999815306,TRUE,"Longtree"
"1040",900,0.2,0.04,0.3,112.360958086174,FALSE,"Longtree"
"1041",900,0.2,0.04,0.5,29.5521748506908,TRUE,"Longtree"
"1042",900,0.2,0.04,0.5,15.2673106506296,FALSE,"Longtree"
"1043",900,0.2,0.04,0.7,7.15266414438957,TRUE,"Longtree"
"1044",900,0.2,0.04,0.7,7.32989872425575,FALSE,"Longtree"
"1045",900,0.2,0.08,0.3,8.46451325872643,TRUE,"Longtree"
"1046",900,0.2,0.08,0.3,7.43445727026067,FALSE,"Longtree"
"1047",900,0.2,0.08,0.5,9.84058358710526,TRUE,"Longtree"
"1048",900,0.2,0.08,0.5,11.6585471341995,FALSE,"Longtree"
"1049",900,0.2,0.08,0.7,9.84058358710526,TRUE,"Longtree"
"1050",900,0.2,0.08,0.7,11.6585471341995,FALSE,"Longtree"
"1051",900,0.2,0.2,0.3,8.46451325872643,TRUE,"Longtree"
"1052",900,0.2,0.2,0.3,7.43445727026067,FALSE,"Longtree"
"1053",900,0.2,0.2,0.5,9.84058358710526,TRUE,"Longtree"
"1054",900,0.2,0.2,0.5,11.6585471341995,FALSE,"Longtree"
"1055",900,0.2,0.2,0.7,9.84058358710526,TRUE,"Longtree"
"1056",900,0.2,0.2,0.7,11.6585471341995,FALSE,"Longtree"
"1057",900,0.3,0.02,0.3,389.300912750208,TRUE,"Longtree"
"1058",900,0.3,0.02,0.3,127.439212359016,FALSE,"Longtree"
"1059",900,0.3,0.02,0.5,389.300912750208,TRUE,"Longtree"
"1060",900,0.3,0.02,0.5,127.439212359016,FALSE,"Longtree"
"1061",900,0.3,0.02,0.7,64.6842999815306,TRUE,"Longtree"
"1062",900,0.3,0.02,0.7,38.2411925244822,FALSE,"Longtree"
"1063",900,0.3,0.04,0.3,64.6842999815306,TRUE,"Longtree"
"1064",900,0.3,0.04,0.3,113.053669840251,FALSE,"Longtree"
"1065",900,0.3,0.04,0.5,29.5521748506908,TRUE,"Longtree"
"1066",900,0.3,0.04,0.5,13.661563585426,FALSE,"Longtree"
"1067",900,0.3,0.04,0.7,7.15266414438957,TRUE,"Longtree"
"1068",900,0.3,0.04,0.7,7.20051612701852,FALSE,"Longtree"
"1069",900,0.3,0.08,0.3,9.4786685300768,TRUE,"Longtree"
"1070",900,0.3,0.08,0.3,7.98001114432682,FALSE,"Longtree"
"1071",900,0.3,0.08,0.5,9.4786685300768,TRUE,"Longtree"
"1072",900,0.3,0.08,0.5,11.6585471341995,FALSE,"Longtree"
"1073",900,0.3,0.08,0.7,9.4786685300768,TRUE,"Longtree"
"1074",900,0.3,0.08,0.7,11.6585471341995,FALSE,"Longtree"
"1075",900,0.3,0.2,0.3,9.4786685300768,TRUE,"Longtree"
"1076",900,0.3,0.2,0.3,7.98001114432682,FALSE,"Longtree"
"1077",900,0.3,0.2,0.5,9.4786685300768,TRUE,"Longtree"
"1078",900,0.3,0.2,0.5,11.6585471341995,FALSE,"Longtree"
"1079",900,0.3,0.2,0.7,9.4786685300768,TRUE,"Longtree"
"1080",900,0.3,0.2,0.7,11.6585471341995,FALSE,"Longtree"
"1081",1000,0.01,0.02,0.3,388.729035012661,TRUE,"Longtree"
"1082",1000,0.01,0.02,0.3,127.094656001952,FALSE,"Longtree"
"1083",1000,0.01,0.02,0.5,388.729035012661,TRUE,"Longtree"
"1084",1000,0.01,0.02,0.5,127.094656001952,FALSE,"Longtree"
"1085",1000,0.01,0.02,0.7,68.0273692939405,TRUE,"Longtree"
"1086",1000,0.01,0.02,0.7,38.9536986625124,FALSE,"Longtree"
"1087",1000,0.01,0.04,0.3,68.0273692939405,TRUE,"Longtree"
"1088",1000,0.01,0.04,0.3,105.259883958097,FALSE,"Longtree"
"1089",1000,0.01,0.04,0.5,54.3245098932695,TRUE,"Longtree"
"1090",1000,0.01,0.04,0.5,105.259883958097,FALSE,"Longtree"
"1091",1000,0.01,0.04,0.7,30.2361682160395,TRUE,"Longtree"
"1092",1000,0.01,0.04,0.7,14.8004606900325,FALSE,"Longtree"
"1093",1000,0.01,0.08,0.3,68.0273692939405,TRUE,"Longtree"
"1094",1000,0.01,0.08,0.3,14.8004606900325,FALSE,"Longtree"
"1095",1000,0.01,0.08,0.5,30.2361682160395,TRUE,"Longtree"
"1096",1000,0.01,0.08,0.5,7.49449438909266,FALSE,"Longtree"
"1097",1000,0.01,0.08,0.7,6.67807923412385,TRUE,"Longtree"
"1098",1000,0.01,0.08,0.7,7.49449438909266,FALSE,"Longtree"
"1099",1000,0.01,0.2,0.3,68.0273692939405,TRUE,"Longtree"
"1100",1000,0.01,0.2,0.3,14.8004606900325,FALSE,"Longtree"
"1101",1000,0.01,0.2,0.5,30.2361682160395,TRUE,"Longtree"
"1102",1000,0.01,0.2,0.5,7.49449438909266,FALSE,"Longtree"
"1103",1000,0.01,0.2,0.7,6.67807923412385,TRUE,"Longtree"
"1104",1000,0.01,0.2,0.7,7.49449438909266,FALSE,"Longtree"
"1105",1000,0.05,0.02,0.3,388.729035012661,TRUE,"Longtree"
"1106",1000,0.05,0.02,0.3,127.094656001952,FALSE,"Longtree"
"1107",1000,0.05,0.02,0.5,388.729035012661,TRUE,"Longtree"
"1108",1000,0.05,0.02,0.5,127.094656001952,FALSE,"Longtree"
"1109",1000,0.05,0.02,0.7,68.0273692939405,TRUE,"Longtree"
"1110",1000,0.05,0.02,0.7,38.9536986625124,FALSE,"Longtree"
"1111",1000,0.05,0.04,0.3,68.0273692939405,TRUE,"Longtree"
"1112",1000,0.05,0.04,0.3,105.259883958097,FALSE,"Longtree"
"1113",1000,0.05,0.04,0.5,54.3245098932695,TRUE,"Longtree"
"1114",1000,0.05,0.04,0.5,105.259883958097,FALSE,"Longtree"
"1115",1000,0.05,0.04,0.7,29.2878046962152,TRUE,"Longtree"
"1116",1000,0.05,0.04,0.7,14.8004606900325,FALSE,"Longtree"
"1117",1000,0.05,0.08,0.3,54.3245098932695,TRUE,"Longtree"
"1118",1000,0.05,0.08,0.3,14.8004606900325,FALSE,"Longtree"
"1119",1000,0.05,0.08,0.5,6.67807923412385,TRUE,"Longtree"
"1120",1000,0.05,0.08,0.5,7.49449438909266,FALSE,"Longtree"
"1121",1000,0.05,0.08,0.7,6.67807923412385,TRUE,"Longtree"
"1122",1000,0.05,0.08,0.7,7.11563026745524,FALSE,"Longtree"
"1123",1000,0.05,0.2,0.3,54.3245098932695,TRUE,"Longtree"
"1124",1000,0.05,0.2,0.3,14.8004606900325,FALSE,"Longtree"
"1125",1000,0.05,0.2,0.5,6.67807923412385,TRUE,"Longtree"
"1126",1000,0.05,0.2,0.5,7.49449438909266,FALSE,"Longtree"
"1127",1000,0.05,0.2,0.7,6.67807923412385,TRUE,"Longtree"
"1128",1000,0.05,0.2,0.7,7.11563026745524,FALSE,"Longtree"
"1129",1000,0.1,0.02,0.3,388.729035012661,TRUE,"Longtree"
"1130",1000,0.1,0.02,0.3,127.094656001952,FALSE,"Longtree"
"1131",1000,0.1,0.02,0.5,388.729035012661,TRUE,"Longtree"
"1132",1000,0.1,0.02,0.5,127.094656001952,FALSE,"Longtree"
"1133",1000,0.1,0.02,0.7,68.0273692939405,TRUE,"Longtree"
"1134",1000,0.1,0.02,0.7,38.9536986625124,FALSE,"Longtree"
"1135",1000,0.1,0.04,0.3,68.0273692939405,TRUE,"Longtree"
"1136",1000,0.1,0.04,0.3,105.259883958097,FALSE,"Longtree"
"1137",1000,0.1,0.04,0.5,54.3245098932695,TRUE,"Longtree"
"1138",1000,0.1,0.04,0.5,105.259883958097,FALSE,"Longtree"
"1139",1000,0.1,0.04,0.7,29.1457356076857,TRUE,"Longtree"
"1140",1000,0.1,0.04,0.7,14.8004606900325,FALSE,"Longtree"
"1141",1000,0.1,0.08,0.3,29.1457356076857,TRUE,"Longtree"
"1142",1000,0.1,0.08,0.3,14.8004606900325,FALSE,"Longtree"
"1143",1000,0.1,0.08,0.5,7.06868766960089,TRUE,"Longtree"
"1144",1000,0.1,0.08,0.5,7.49449438909266,FALSE,"Longtree"
"1145",1000,0.1,0.08,0.7,7.06868766960089,TRUE,"Longtree"
"1146",1000,0.1,0.08,0.7,8.55593255021371,FALSE,"Longtree"
"1147",1000,0.1,0.2,0.3,29.1457356076857,TRUE,"Longtree"
"1148",1000,0.1,0.2,0.3,14.8004606900325,FALSE,"Longtree"
"1149",1000,0.1,0.2,0.5,7.06868766960089,TRUE,"Longtree"
"1150",1000,0.1,0.2,0.5,7.49449438909266,FALSE,"Longtree"
"1151",1000,0.1,0.2,0.7,7.06868766960089,TRUE,"Longtree"
"1152",1000,0.1,0.2,0.7,8.55593255021371,FALSE,"Longtree"
"1153",1000,0.2,0.02,0.3,388.729035012661,TRUE,"Longtree"
"1154",1000,0.2,0.02,0.3,127.094656001952,FALSE,"Longtree"
"1155",1000,0.2,0.02,0.5,68.0273692939405,TRUE,"Longtree"
"1156",1000,0.2,0.02,0.5,127.094656001952,FALSE,"Longtree"
"1157",1000,0.2,0.02,0.7,38.9536986625124,TRUE,"Longtree"
"1158",1000,0.2,0.02,0.7,38.9536986625124,FALSE,"Longtree"
"1159",1000,0.2,0.04,0.3,68.0273692939405,TRUE,"Longtree"
"1160",1000,0.2,0.04,0.3,105.261392927452,FALSE,"Longtree"
"1161",1000,0.2,0.04,0.5,29.557066344466,TRUE,"Longtree"
"1162",1000,0.2,0.04,0.5,14.8004606900325,FALSE,"Longtree"
"1163",1000,0.2,0.04,0.7,7.49449438909266,TRUE,"Longtree"
"1164",1000,0.2,0.04,0.7,7.49449438909266,FALSE,"Longtree"
"1165",1000,0.2,0.08,0.3,7.06868766960089,TRUE,"Longtree"
"1166",1000,0.2,0.08,0.3,7.49449438909266,FALSE,"Longtree"
"1167",1000,0.2,0.08,0.5,8.07042537999899,TRUE,"Longtree"
"1168",1000,0.2,0.08,0.5,11.3823569400648,FALSE,"Longtree"
"1169",1000,0.2,0.08,0.7,8.07042537999899,TRUE,"Longtree"
"1170",1000,0.2,0.08,0.7,10.7087462085025,FALSE,"Longtree"
"1171",1000,0.2,0.2,0.3,7.06868766960089,TRUE,"Longtree"
"1172",1000,0.2,0.2,0.3,7.49449438909266,FALSE,"Longtree"
"1173",1000,0.2,0.2,0.5,8.07042537999899,TRUE,"Longtree"
"1174",1000,0.2,0.2,0.5,11.3823569400648,FALSE,"Longtree"
"1175",1000,0.2,0.2,0.7,8.07042537999899,TRUE,"Longtree"
"1176",1000,0.2,0.2,0.7,10.7087462085025,FALSE,"Longtree"
"1177",1000,0.3,0.02,0.3,388.729035012661,TRUE,"Longtree"
"1178",1000,0.3,0.02,0.3,127.094656001952,FALSE,"Longtree"
"1179",1000,0.3,0.02,0.5,68.0273692939405,TRUE,"Longtree"
"1180",1000,0.3,0.02,0.5,127.094656001952,FALSE,"Longtree"
"1181",1000,0.3,0.02,0.7,38.9536986625124,TRUE,"Longtree"
"1182",1000,0.3,0.02,0.7,38.9536986625124,FALSE,"Longtree"
"1183",1000,0.3,0.04,0.3,68.0273692939405,TRUE,"Longtree"
"1184",1000,0.3,0.04,0.3,107.496211655332,FALSE,"Longtree"
"1185",1000,0.3,0.04,0.5,29.7153359011467,TRUE,"Longtree"
"1186",1000,0.3,0.04,0.5,14.8004606900325,FALSE,"Longtree"
"1187",1000,0.3,0.04,0.7,7.49449438909266,TRUE,"Longtree"
"1188",1000,0.3,0.04,0.7,7.49449438909266,FALSE,"Longtree"
"1189",1000,0.3,0.08,0.3,8.36933943144059,TRUE,"Longtree"
"1190",1000,0.3,0.08,0.3,5.95359854819475,FALSE,"Longtree"
"1191",1000,0.3,0.08,0.5,9.10527010450373,TRUE,"Longtree"
"1192",1000,0.3,0.08,0.5,10.5289986421395,FALSE,"Longtree"
"1193",1000,0.3,0.08,0.7,9.10527010450373,TRUE,"Longtree"
"1194",1000,0.3,0.08,0.7,11.4547351577048,FALSE,"Longtree"
"1195",1000,0.3,0.2,0.3,8.36933943144059,TRUE,"Longtree"
"1196",1000,0.3,0.2,0.3,5.95359854819475,FALSE,"Longtree"
"1197",1000,0.3,0.2,0.5,9.10527010450373,TRUE,"Longtree"
"1198",1000,0.3,0.2,0.5,10.5289986421395,FALSE,"Longtree"
"1199",1000,0.3,0.2,0.7,9.10527010450373,TRUE,"Longtree"
"1200",1000,0.3,0.2,0.7,11.4547351577048,FALSE,"Longtree"
